CodDisciplina;NomeDisciplina;CodTurma;Turno;Campus;DiaAula;InicioAula;FimAula;SalaAula;FrequenciaAula;TipoAula;NomeProfessor;Por
BC1425;Algebra Linear;A1;Noturno;Santo Andre;Segunda-feira;19:00;21:00;A-108-0;semanal;Teorica;Edson Alex Arrazola Iriarte;Bacharelado em Ciencia da Computacao
BC1425;Algebra Linear;A1;Noturno;Santo Andre;Quarta-feira;21:00;23:00;A-108-0;semanal;Teorica;Edson Alex Arrazola Iriarte;Bacharelado em Ciencia da Computacao
BC1425;Algebra Linear;A1;Noturno;Santo Andre;Sexta-feira;19:00;21:00;A-108-0;semanal;Teorica;Edson Alex Arrazola Iriarte;Bacharelado em Ciencia da Computacao
BC1425;Algebra Linear;A;Diurno;Santo Andre;Segunda-feira;08:00;10:00;A-108-0;semanal;Teorica;Jeronimo Cordoni Pellegrini;Bacharelado em Ciencia da Computacao
BC1425;Algebra Linear;A;Diurno;Santo Andre;Quarta-feira;10:00;12:00;A-108-0;semanal;Teorica;Jeronimo Cordoni Pellegrini;Bacharelado em Ciencia da Computacao
BC1425;Algebra Linear;A;Diurno;Santo Andre;Sexta-feira;08:00;10:00;A-108-0;semanal;Teorica;Jeronimo Cordoni Pellegrini;Bacharelado em Ciencia da Computacao
BC1425;Algebra Linear;B1;Diurno;Santo Andre;Segunda-feira;10:00;12:00;A-108-0;semanal;Teorica;Mariana Rodrigues da Silveira;Bacharelado em Ciencia da Computacao
BC1425;Algebra Linear;B1;Diurno;Santo Andre;Quarta-feira;08:00;10:00;A-108-0;semanal;Teorica;Mariana Rodrigues da Silveira;Bacharelado em Ciencia da Computacao
BC1425;Algebra Linear;B1;Diurno;Santo Andre;Sexta-feira;10:00;12:00;A-108-0;semanal;Teorica;Mariana Rodrigues da Silveira;Bacharelado em Ciencia da Computacao
BC1425;Algebra Linear;B;Noturno;Santo Andre;Segunda-feira;21:00;23:00;A-108-0;semanal;Teorica;Dmitry Vasilevich;Bacharelado em Ciencia da Computacao
BC1425;Algebra Linear;B;Noturno;Santo Andre;Quarta-feira;19:00;21:00;A-108-0;semanal;Teorica;Dmitry Vasilevich;Bacharelado em Ciencia da Computacao
BC1425;Algebra Linear;B;Noturno;Santo Andre;Sexta-feira;21:00;23:00;A-108-0;semanal;Teorica;Dmitry Vasilevich;Bacharelado em Ciencia da Computacao
BC1424;Algoritmos e Estruturas de Dados I;A1;Diurno;Santo Andre;Quinta-feira;08:00;10:00;S-301-3;semanal;Teorica;Andre Guilherme Ribeiro Balan;Bacharelado em Ciencia da Computacao
BC1424;Algoritmos e Estruturas de Dados I;A1;Diurno;Santo Andre;Terca-feira;08:00;10:00;409-2;semanal;Pratica;Andre Guilherme Ribeiro Balan;Bacharelado em Ciencia da Computacao
BC1424;Algoritmos e Estruturas de Dados I;A1;Noturno;Santo Andre;Quinta-feira;21:00;23:00;S-301-3;semanal;Teorica;Ronaldo Cristiano Prati;Bacharelado em Ciencia da Computacao
BC1424;Algoritmos e Estruturas de Dados I;A1;Noturno;Santo Andre;Terca-feira;19:00;21:00;409-2;semanal;Pratica;Ronaldo Cristiano Prati;Bacharelado em Ciencia da Computacao
BC1424;Algoritmos e Estruturas de Dados I;A2;Diurno;Santo Andre;Quinta-feira;08:00;10:00;S-301-3;semanal;Teorica;Andre Guilherme Ribeiro Balan;Bacharelado em Ciencia da Computacao
BC1424;Algoritmos e Estruturas de Dados I;A2;Diurno;Santo Andre;Terca-feira;10:00;12:00;409-2;semanal;Pratica;Andre Guilherme Ribeiro Balan;Bacharelado em Ciencia da Computacao
BC1424;Algoritmos e Estruturas de Dados I;A2;Noturno;Santo Andre;Quinta-feira;21:00;23:00;S-301-3;semanal;Teorica;Ronaldo Cristiano Prati;Bacharelado em Ciencia da Computacao
BC1424;Algoritmos e Estruturas de Dados I;A2;Noturno;Santo Andre;Terca-feira;21:00;23:00;409-2;semanal;Pratica;Ronaldo Cristiano Prati;Bacharelado em Ciencia da Computacao
BC1435;Analise de Algoritmos;A;Diurno;Santo Andre;Quarta-feira;10:00;12:00;S-306-2;semanal;Teorica;Alexandre Noma;Bacharelado em Ciencia da Computacao
BC1435;Analise de Algoritmos;A;Diurno;Santo Andre;Sexta-feira;08:00;10:00;S-306-2;semanal;Teorica;Alexandre Noma;Bacharelado em Ciencia da Computacao
BC1435;Analise de Algoritmos;A;Noturno;Santo Andre;Quarta-feira;19:00;21:00;S-305-2;semanal;Teorica;Debora Maria Rossi de Medeiros;Bacharelado em Ciencia da Computacao
BC1435;Analise de Algoritmos;A;Noturno;Santo Andre;Sexta-feira;21:00;23:00;S-306-2;semanal;Teorica;Debora Maria Rossi de Medeiros;Bacharelado em Ciencia da Computacao
MC5004;Aprendizado de Maquina;A;Diurno;Santo Andre;Segunda-feira;10:00;12:00;S-303-2;semanal;Teorica;Jesus Pascual Mena Chalco;Bacharelado em Ciencia da Computacao
MC5004;Aprendizado de Maquina;A;Diurno;Santo Andre;Quarta-feira;08:00;10:00;S-308-2;semanal;Teorica;Jesus Pascual Mena Chalco;Bacharelado em Ciencia da Computacao
MC5005;Banco de Dados de Apoio a Tomada de Decisao;A;Noturno;Santo Andre;Quarta-feira;21:00;23:00;S-308-2;semanal;Teorica;Marcio Katsumi Oikawa;Bacharelado em Ciencia da Computacao
MC5005;Banco de Dados de Apoio a Tomada de Decisao;A;Noturno;Santo Andre;Sexta-feira;19:00;21:00;S-308-2;quinzenal I;Teorica;Marcio Katsumi Oikawa;Bacharelado em Ciencia da Computacao
MC5005;Banco de Dados de Apoio a Tomada de Decisao;A;Noturno;Santo Andre;Sexta-feira;19:00;21:00;409-2;quinzenal II;Pratica;Marcio Katsumi Oikawa;Bacharelado em Ciencia da Computacao
BC0005;Bases Computacionais da Ciencia;A1;Noturno;Santo Andre;Segunda-feira;19:00;21:00;L501;semanal;Pratica;Rogerio Perino de Oliveira Neves;Bacharelado em Ciencia e Tecnologia
BC0005;Bases Computacionais da Ciencia;A;Diurno;Santo Andre;Segunda-feira;08:00;10:00;L506;semanal;Pratica;Harlen Costa Batagelo;Bacharelado em Ciencia e Tecnologia
BC0005;Bases Computacionais da Ciencia;A;Noturno;Santo Andre;Segunda-feira;19:00;21:00;L506;semanal;Pratica;Harlen Costa Batagelo ;Bacharelado em Ciencia e Tecnologia
BC0004;Bases Epistemologicas da Ciencia Moderna;A1;Noturno;Santo Andre;Terca-feira;19:00;21:00;A-101-0;semanal;Teorica;Anastasia Guidi Itokazu;Bacharelado em Ciencia e Tecnologia
BC0004;Bases Epistemologicas da Ciencia Moderna;A1;Noturno;Santo Andre;Quinta-feira;19:00;21:00;A-101-0;quinzenal I;Teorica;Anastasia Guidi Itokazu;Bacharelado em Ciencia e Tecnologia
BC0004;Bases Epistemologicas da Ciencia Moderna;A2;Noturno;Santo Andre;Terca-feira;19:00;21:00;S-212-0;semanal;Teorica;William Jose Steinle;Bacharelado em Ciencia e Tecnologia
BC0004;Bases Epistemologicas da Ciencia Moderna;A2;Noturno;Santo Andre;Quinta-feira;19:00;21:00;S-212-0;quinzenal I;Teorica;William Jose Steinle;Bacharelado em Ciencia e Tecnologia
BC0004;Bases Epistemologicas da Ciencia Moderna;A;Diurno;Santo Andre;Terca-feira;08:00;10:00;A-101-0;semanal;Teorica;Katya Margareth Aurani;Bacharelado em Ciencia e Tecnologia
BC0004;Bases Epistemologicas da Ciencia Moderna;A;Diurno;Santo Andre;Quinta-feira;08:00;10:00;A-101-0;quinzenal I;Teorica;Katya Margareth Aurani;Bacharelado em Ciencia e Tecnologia
BC0004;Bases Epistemologicas da Ciencia Moderna;B;Diurno;Santo Andre;Terca-feira;10:00;12:00;S-212-0;semanal;Teorica;Katya Margareth Aurani;Bacharelado em Ciencia e Tecnologia
BC0004;Bases Epistemologicas da Ciencia Moderna;B;Diurno;Santo Andre;Quinta-feira;10:00;12:00;S-212-0;quinzenal I;Teorica;Katya Margareth Aurani;Bacharelado em Ciencia e Tecnologia
BC0004;Bases Epistemologicas da Ciencia Moderna;B;Noturno;Santo Andre;Terca-feira;21:00;23:00;A-103-0;semanal;Teorica;Anastasia Guidi Itokazu;Bacharelado em Ciencia e Tecnologia
BC0004;Bases Epistemologicas da Ciencia Moderna;B;Noturno;Santo Andre;Quinta-feira;21:00;23:00;A-101-0;quinzenal I;Teorica;Anastasia Guidi Itokazu;Bacharelado em Ciencia e Tecnologia
BC0003;Bases Matematicas;A;Noturno;Santo Andre;Segunda-feira;19:00;21:00;A-106-0;semanal;Teorica;Vivili Maria Silva Gomes;Bacharelado em Ciencia e Tecnologia
BC0003;Bases Matematicas;A;Noturno;Santo Andre;Quarta-feira;21:00;23:00;A-106-0;semanal;Teorica;Vivili Maria Silva Gomes;Bacharelado em Ciencia e Tecnologia
BC1419;Calculo Numerico;A;Diurno;Santo Andre;Segunda-feira;08:00;10:00;S-212-0;semanal;Teorica;Joao Paulo Gois Joao Paulo Gois;Bacharelado em Ciencia da Computacao
BC1419;Calculo Numerico;A;Diurno;Santo Andre;Quarta-feira;10:00;12:00;S-212-0;semanal;Teorica;Joao Paulo Gois Joao Paulo Gois;Bacharelado em Ciencia da Computacao
BC0603;Ciencia Tecnologia e Sociedade;A;Diurno;Santo Andre;Terca-feira;08:00;10:00;S-206-0;semanal;Teorica;Neusa Serra;Bacharelado em Ciencia e Tecnologia
BC0603;Ciencia Tecnologia e Sociedade;A;Diurno;Santo Andre;Quinta-feira;08:00;10:00;S-206-0;quinzenal I;Teorica;Neusa Serra;Bacharelado em Ciencia e Tecnologia
BC0603;Ciencia Tecnologia e Sociedade;A;Noturno;Santo Andre;Terca-feira;19:00;21:00;S-206-0;semanal;Teorica;Luciana Pereira;Bacharelado em Ciencia e Tecnologia
BC0603;Ciencia Tecnologia e Sociedade;A;Noturno;Santo Andre;Quinta-feira;19:00;21:00;S-206-0;quinzenal I;Teorica;Luciana Pereira;Bacharelado em Ciencia e Tecnologia
BC0603;Ciencia Tecnologia e Sociedade;B;Diurno;Santo Andre;Terca-feira;10:00;12:00;S-208-0;semanal;Teorica;Luis Roberto de Paula;Bacharelado em Ciencia e Tecnologia
BC0603;Ciencia Tecnologia e Sociedade;B;Diurno;Santo Andre;Quinta-feira;10:00;12:00;S-208-0;quinzenal I;Teorica;Luis Roberto de Paula;Bacharelado em Ciencia e Tecnologia
BC0603;Ciencia Tecnologia e Sociedade;B;Noturno;Santo Andre;Terca-feira;21:00;23:00;S-208-0;semanal;Teorica;Luciana Pereira;Bacharelado em Ciencia e Tecnologia
BC0603;Ciencia Tecnologia e Sociedade;B;Noturno;Santo Andre;Quinta-feira;21:00;23:00;S-208-0;quinzenal I;Teorica;Luciana Pereira;Bacharelado em Ciencia e Tecnologia
MC3201;Compiladores;A;Diurno;Santo Andre;Terca-feira;08:00;10:00;S-308-2;semanal;Teorica;Francisco Isidro Massetto;Bacharelado em Ciencia da Computacao
MC3201;Compiladores;A;Diurno;Santo Andre;Quinta-feira;10:00;12:00;409-2;semanal;Pratica;Francisco Isidro Massetto;Bacharelado em Ciencia da Computacao
MC3201;Compiladores;A;Noturno;Santo Andre;Terca-feira;19:00;21:00;S-308-2;semanal;Teorica;Francisco Isidro Massetto;Bacharelado em Ciencia da Computacao
MC3201;Compiladores;A;Noturno;Santo Andre;Quinta-feira;21:00;23:00;409-2;semanal;Pratica;Francisco Isidro Massetto;Bacharelado em Ciencia da Computacao
MC3307;Computadores Etica e Sociedade;A;Diurno;Santo Andre;Segunda-feira;10:00;12:00;S-213-0;semanal;Teorica;Francisco Javier Ropero Pelaez;Bacharelado em Ciencia e Tecnologia
MC3307;Computadores Etica e Sociedade;A;Noturno;Santo Andre;Segunda-feira;21:00;23:00;A-113-0;semanal;Teorica;Francisco Javier Ropero Pelaez;Bacharelado em Ciencia e Tecnologia
BC0506;Comunicacao e Redes;A1;Diurno;Santo Andre;Segunda-feira;10:00;12:00;A-101-0;semanal;Teorica;Lucia Regina Horta Rodrigues Franco;Bacharelado em Ciencia da Computacao
BC0506;Comunicacao e Redes;A1;Diurno;Santo Andre;Quarta-feira;08:00;10:00;A-101-0;quinzenal I;Teorica;Lucia Regina Horta Rodrigues Franco;Bacharelado em Ciencia da Computacao
BC0506;Comunicacao e Redes;A1;Noturno;Santo Andre;Segunda-feira;21:00;23:00;S-208-0;semanal;Teorica;Jesus Pascual Mena Chalco;Bacharelado em Ciencia da Computacao
BC0506;Comunicacao e Redes;A1;Noturno;Santo Andre;Quarta-feira;19:00;21:00;S-208-0;quinzenal I;Teorica;Jesus Pascual Mena Chalco;Bacharelado em Ciencia da Computacao
BC0506;Comunicacao e Redes;A2;Diurno;Santo Andre;Segunda-feira;10:00;12:00;A-102-0;semanal;Teorica;Itana Stiubiener;Bacharelado em Ciencia da Computacao
BC0506;Comunicacao e Redes;A2;Diurno;Santo Andre;Quarta-feira;08:00;10:00;A-102-0;quinzenal I;Teorica;Itana Stiubiener;Bacharelado em Ciencia da Computacao
BC0506;Comunicacao e Redes;A2;Noturno;Santo Andre;Segunda-feira;21:00;23:00;A-102-0;semanal;Teorica;Lucia Regina Horta Rodrigues Franco;Bacharelado em Ciencia da Computacao
BC0506;Comunicacao e Redes;A2;Noturno;Santo Andre;Quarta-feira;19:00;21:00;A-102-0;quinzenal I;Teorica;Lucia Regina Horta Rodrigues Franco;Bacharelado em Ciencia da Computacao
BC0506;Comunicacao e Redes;A3;Diurno;Santo Andre;Segunda-feira;10:00;12:00;A-103-0;semanal;Teorica;Fabricio Olivetti de Franca;Bacharelado em Ciencia da Computacao
BC0506;Comunicacao e Redes;A3;Diurno;Santo Andre;Quarta-feira;08:00;10:00;A-103-0;quinzenal I;Teorica;Fabricio Olivetti de Franca;Bacharelado em Ciencia da Computacao
BC0506;Comunicacao e Redes;A3;Noturno;Santo Andre;Segunda-feira;21:00;23:00;A-103-0;semanal;Teorica;Debora Maria Rossi de Medeiros;Bacharelado em Ciencia da Computacao
BC0506;Comunicacao e Redes;A3;Noturno;Santo Andre;Quarta-feira;19:00;21:00;A-103-0;quinzenal I;Teorica;Debora Maria Rossi de Medeiros;Bacharelado em Ciencia da Computacao
BC0506;Comunicacao e Redes;B1;Diurno;Santo Andre;Segunda-feira;08:00;10:00;A-104-0;semanal;Teorica;Itana Stiubiener;Bacharelado em Ciencia da Computacao
BC0506;Comunicacao e Redes;B1;Diurno;Santo Andre;Quarta-feira;10:00;12:00;A-104-0;quinzenal I;Teorica;Itana Stiubiener;Bacharelado em Ciencia da Computacao
BC0506;Comunicacao e Redes;B1;Noturno;Santo Andre;Segunda-feira;19:00;21:00;A-104-0;semanal;Teorica;Debora Maria Rossi de Medeiros;Bacharelado em Ciencia da Computacao
BC0506;Comunicacao e Redes;B1;Noturno;Santo Andre;Quarta-feira;21:00;23:00;A-104-0;quinzenal I;Teorica;Debora Maria Rossi de Medeiros;Bacharelado em Ciencia da Computacao
BC0506;Comunicacao e Redes;B2;Noturno;Santo Andre;Segunda-feira;19:00;21:00;A-105-0;semanal;Teorica;Jesus Pascual Mena Chalco;Bacharelado em Ciencia da Computacao
BC0506;Comunicacao e Redes;B2;Noturno;Santo Andre;Quarta-feira;21:00;23:00;A-105-0;quinzenal I;Teorica;Jesus Pascual Mena Chalco;Bacharelado em Ciencia da Computacao
BC0207;Energia: Origens Conversao e Uso;A;Diurno;Santo Andre;Terca-feira;10:00;12:00;A-104-0;semanal;Teorica;Jose Rubens Maiorino;Bacharelado em Ciencia e Tecnologia
BC0207;Energia: Origens Conversao e Uso;A;Noturno;Santo Andre;Terca-feira;21:00;23:00;A-105-0;semanal;Teorica;Pedro Carajilescov;Bacharelado em Ciencia e Tecnologia
BC1508;Engenharia de Software;A;Diurno;Santo Andre;Segunda-feira;08:00;10:00;S-308-2;semanal;Teorica;Valerio Ramos Batista;Bacharelado em Ciencia da Computacao
BC1508;Engenharia de Software;A;Diurno;Santo Andre;Terca-feira;10:00;12:00;S-308-2;semanal;Teorica;Valerio Ramos Batista;Bacharelado em Ciencia da Computacao
BC1508;Engenharia de Software;A;Diurno;Santo Andre;Quinta-feira;08:00;10:00;S-308-2;quinzenal II;Teorica;Valerio Ramos Batista;Bacharelado em Ciencia da Computacao
BC1508;Engenharia de Software;A;Diurno;Santo Andre;Quinta-feira;08:00;10:00;409-2;quinzenal I;Pratica;Valerio Ramos Batista;Bacharelado em Ciencia da Computacao
BC1508;Engenharia de Software;A;Noturno;Santo Andre;Segunda-feira;19:00;21:00;S-308-2;semanal;Teorica;Francisco de Assis Zampirolli;Bacharelado em Ciencia da Computacao
BC1508;Engenharia de Software;A;Noturno;Santo Andre;Terca-feira;21:00;23:00;S-308-2;semanal;Teorica;Francisco de Assis Zampirolli;Bacharelado em Ciencia da Computacao
BC1508;Engenharia de Software;A;Noturno;Santo Andre;Quinta-feira;19:00;21:00;S-308-2;quinzenal II;Teorica;Francisco de Assis Zampirolli;Bacharelado em Ciencia da Computacao
BC1508;Engenharia de Software;A;Noturno;Santo Andre;Quinta-feira;19:00;21:00;409-2;quinzenal I;Pratica;Francisco de Assis Zampirolli;Bacharelado em Ciencia da Computacao
BC0102;Estrutura da Materia;A;Diurno;Santo Andre;Terca-feira;10:00;12:00;A-106-0;semanal;Teorica;Gabriel Teixeira Landi;Bacharelado em Ciencia e Tecnologia
BC0102;Estrutura da Materia;A;Diurno;Santo Andre;Quinta-feira;10:00;12:00;A-106-0;quinzenal II;Teorica;Gabriel Teixeira Landi;Bacharelado em Ciencia e Tecnologia
BC0102;Estrutura da Materia;A;Noturno;Santo Andre;Terca-feira;19:00;21:00;A-106-0;semanal;Teorica;Cedric Rocha Leao;Bacharelado em Ciencia e Tecnologia
BC0102;Estrutura da Materia;A;Noturno;Santo Andre;Quinta-feira;21:00;23:00;A-106-0;quinzenal II;Teorica;Cedric Rocha Leao;Bacharelado em Ciencia e Tecnologia
BC0602;Estrutura e Dinamica Social;A;Diurno;Santo Andre;Terca-feira;08:00;10:00;A-104-0;semanal;Teorica;Ana Keila Mosca Pinezi;Bacharelado em Ciencia e Tecnologia
BC0602;Estrutura e Dinamica Social;A;Diurno;Santo Andre;Quinta-feira;08:00;10:00;A-104-0;quinzenal I;Teorica;Ana Keila Mosca Pinezi;Bacharelado em Ciencia e Tecnologia
BC0602;Estrutura e Dinamica Social;A;Noturno;Santo Andre;Terca-feira;19:00;21:00;A-105-0;semanal;Teorica;Adriana Capuano de Oliveira;Bacharelado em Ciencia e Tecnologia
BC0602;Estrutura e Dinamica Social;A;Noturno;Santo Andre;Quinta-feira;19:00;21:00;A-105-0;quinzenal I;Teorica;Adriana Capuano de Oliveira;Bacharelado em Ciencia e Tecnologia
BC0208;Fenomenos Mecanicos;A1;Diurno;Santo Andre;Terca-feira;16:00;18:00;A-113-0;semanal;Teorica;Wanius Jose Garcia da Silva;Bacharelado em Ciencia e Tecnologia
BC0208;Fenomenos Mecanicos;A1;Diurno;Santo Andre;Quinta-feira;16:00;18:00;A-113-0;semanal;Teorica;Wanius Jose Garcia da Silva;Bacharelado em Ciencia e Tecnologia
BC0208;Fenomenos Mecanicos;A1;Diurno;Santo Andre;Terca-feira;14:00;16:00;L701;quinzenal I;Pratica;Wanius Jose Garcia da Silva;Bacharelado em Ciencia e Tecnologia
BC0208;Fenomenos Mecanicos;A1;Noturno;Santo Andre;Terca-feira;21:00;23:00;A-113-0;semanal;Teorica;Pedro Galli Mercadante;Bacharelado em Ciencia e Tecnologia
BC0208;Fenomenos Mecanicos;A1;Noturno;Santo Andre;Quinta-feira;21:00;23:00;A-113-0;semanal;Teorica;Pedro Galli Mercadante;Bacharelado em Ciencia e Tecnologia
BC0208;Fenomenos Mecanicos;A1;Noturno;Santo Andre;Terca-feira;19:00;21:00;L701;quinzenal I;Pratica;Pedro Galli Mercadante;Bacharelado em Ciencia e Tecnologia
BC0208;Fenomenos Mecanicos;A2;Diurno;Santo Andre;Terca-feira;16:00;18:00;A-113-0;semanal;Teorica;Wanius Jose Garcia da Silva;Bacharelado em Ciencia e Tecnologia
BC0208;Fenomenos Mecanicos;A2;Diurno;Santo Andre;Quinta-feira;16:00;18:00;A-113-0;semanal;Teorica;Wanius Jose Garcia da Silva;Bacharelado em Ciencia e Tecnologia
BC0208;Fenomenos Mecanicos;A2;Diurno;Santo Andre;Terca-feira;14:00;16:00;L701;quinzenal II;Pratica;Wanius Jose Garcia da Silva;Bacharelado em Ciencia e Tecnologia
BC0208;Fenomenos Mecanicos;A2;Noturno;Santo Andre;Terca-feira;21:00;23:00;A-113-0;semanal;Teorica;Pedro Galli Mercadante;Bacharelado em Ciencia e Tecnologia
BC0208;Fenomenos Mecanicos;A2;Noturno;Santo Andre;Quinta-feira;21:00;23:00;A-113-0;semanal;Teorica;Pedro Galli Mercadante;Bacharelado em Ciencia e Tecnologia
BC0208;Fenomenos Mecanicos;A2;Noturno;Santo Andre;Terca-feira;19:00;21:00;L701;quinzenal II;Pratica;Pedro Galli Mercadante;Bacharelado em Ciencia e Tecnologia
BC0208;Fenomenos Mecanicos;A3;Diurno;Santo Andre;Terca-feira;16:00;18:00;A-113-0;semanal;Teorica;Wanius Jose Garcia da Silva;Bacharelado em Ciencia e Tecnologia
BC0208;Fenomenos Mecanicos;A3;Diurno;Santo Andre;Quinta-feira;16:00;18:00;A-113-0;semanal;Teorica;Wanius Jose Garcia da Silva;Bacharelado em Ciencia e Tecnologia
BC0208;Fenomenos Mecanicos;A3;Diurno;Santo Andre;Terca-feira;14:00;16:00;403-3;quinzenal I;Pratica;Jose Javier Saez Acuma;Bacharelado em Ciencia e Tecnologia
BC0208;Fenomenos Mecanicos;A3;Noturno;Santo Andre;Terca-feira;21:00;23:00;A-113-0;semanal;Teorica;Pedro Galli Mercadante;Bacharelado em Ciencia e Tecnologia
BC0208;Fenomenos Mecanicos;A3;Noturno;Santo Andre;Quinta-feira;21:00;23:00;A-113-0;semanal;Teorica;Pedro Galli Mercadante;Bacharelado em Ciencia e Tecnologia
BC0208;Fenomenos Mecanicos;A3;Noturno;Santo Andre;Terca-feira;19:00;21:00;403-3;quinzenal I;Pratica;Jose Javier Saez Acuna;Bacharelado em Ciencia e Tecnologia
BC0208;Fenomenos Mecanicos;B1;Diurno;Santo Andre;Terca-feira;14:00;16:00;A-114-0;semanal;Teorica;Ana Melva Champi Farfan;Bacharelado em Ciencia e Tecnologia
BC0208;Fenomenos Mecanicos;B1;Diurno;Santo Andre;Quinta-feira;14:00;16:00;A-114-0;semanal;Teorica;Ana Melva Champi Farfan;Bacharelado em Ciencia e Tecnologia
BC0208;Fenomenos Mecanicos;B1;Diurno;Santo Andre;Terca-feira;16:00;18:00;403-3;quinzenal II;Pratica;Ana Melva Champi Farfan;Bacharelado em Ciencia e Tecnologia
BC0208;Fenomenos Mecanicos;B1;Noturno;Santo Andre;Terca-feira;19:00;21:00;A-114-0;semanal;Teorica;Marcelo Augusto Leigui de Oliveira;Bacharelado em Ciencia e Tecnologia
BC0208;Fenomenos Mecanicos;B1;Noturno;Santo Andre;Quinta-feira;19:00;21:00;A-114-0;semanal;Teorica;Marcelo Augusto Leigui de Oliveira;Bacharelado em Ciencia e Tecnologia
BC0208;Fenomenos Mecanicos;B1;Noturno;Santo Andre;Terca-feira;21:00;23:00;403-3;quinzenal II;Pratica;Marcelo Augusto Leigui de Oliveira;Bacharelado em Ciencia e Tecnologia
BC0208;Fenomenos Mecanicos;B2;Diurno;Santo Andre;Terca-feira;14:00;16:00;A-114-0;semanal;Teorica;Ana Melva Champi Farfan;Bacharelado em Ciencia e Tecnologia
BC0208;Fenomenos Mecanicos;B2;Diurno;Santo Andre;Quinta-feira;14:00;16:00;A-114-0;semanal;Teorica;Ana Melva Champi Farfan;Bacharelado em Ciencia e Tecnologia
BC0208;Fenomenos Mecanicos;B2;Diurno;Santo Andre;Terca-feira;16:00;18:00;L705;quinzenal I;Pratica;Ana Melva Champi Farfan;Bacharelado em Ciencia e Tecnologia
BC0208;Fenomenos Mecanicos;B2;Noturno;Santo Andre;Terca-feira;19:00;21:00;A-114-0;semanal;Teorica;Marcelo Augusto Leigui de Oliveira;Bacharelado em Ciencia e Tecnologia
BC0208;Fenomenos Mecanicos;B2;Noturno;Santo Andre;Quinta-feira;19:00;21:00;A-114-0;semanal;Teorica;Marcelo Augusto Leigui de Oliveira;Bacharelado em Ciencia e Tecnologia
BC0208;Fenomenos Mecanicos;B2;Noturno;Santo Andre;Terca-feira;21:00;23:00;L705;quinzenal I;Pratica;Marcelo Augusto Leigui de Oliveira;Bacharelado em Ciencia e Tecnologia
BC0208;Fenomenos Mecanicos;B3;Diurno;Santo Andre;Terca-feira;14:00;16:00;A-114-0;semanal;Teorica;Ana Melva Champi Farfan;Bacharelado em Ciencia e Tecnologia
BC0208;Fenomenos Mecanicos;B3;Diurno;Santo Andre;Quinta-feira;14:00;16:00;A-114-0;semanal;Teorica;Ana Melva Champi Farfan;Bacharelado em Ciencia e Tecnologia
BC0208;Fenomenos Mecanicos;B3;Diurno;Santo Andre;Terca-feira;16:00;18:00;L705;quinzenal II;Pratica;Jose Javier Saez Acuna;Bacharelado em Ciencia e Tecnologia
BC0208;Fenomenos Mecanicos;B3;Noturno;Santo Andre;Terca-feira;19:00;21:00;A-114-0;semanal;Teorica;Marcelo Augusto Leigui de Oliveira;Bacharelado em Ciencia e Tecnologia
BC0208;Fenomenos Mecanicos;B3;Noturno;Santo Andre;Quinta-feira;19:00;21:00;A-114-0;semanal;Teorica;Marcelo Augusto Leigui de Oliveira;Bacharelado em Ciencia e Tecnologia
BC0208;Fenomenos Mecanicos;B3;Noturno;Santo Andre;Terca-feira;21:00;23:00;L705;quinzenal II;Pratica;Jose Javier Saez Acuna;Bacharelado em Ciencia e Tecnologia
BC0205;Fenomenos Termicos;A1;Diurno;Santo Andre;Terca-feira;10:00;12:00;A-101-0;semanal;Teorica;Jose Kenichi Mizukoshi;Bacharelado em Ciencia e Tecnologia
BC0205;Fenomenos Termicos;A1;Diurno;Santo Andre;Quinta-feira;08:00;10:00;A-101-0;quinzenal II;Teorica;Jose Kenichi Mizukoshi;Bacharelado em Ciencia e Tecnologia
BC0205;Fenomenos Termicos;A1;Diurno;Santo Andre;Quinta-feira;10:00;12:00;L701;quinzenal I;Pratica;Jose Kenichi Mizukoshi;Bacharelado em Ciencia e Tecnologia
BC0205;Fenomenos Termicos;A1;Noturno;Santo Andre;Terca-feira;21:00;23:00;A-101-0;semanal;Teorica;Alex Gomes Dias;Bacharelado em Ciencia e Tecnologia
BC0205;Fenomenos Termicos;A1;Noturno;Santo Andre;Quinta-feira;19:00;21:00;A-101-0;quinzenal II;Teorica;Alex Gomes Dias;Bacharelado em Ciencia e Tecnologia
BC0205;Fenomenos Termicos;A1;Noturno;Santo Andre;Quinta-feira;21:00;23:00;L701;quinzenal I;Pratica;Alysson Fabio Ferrari;Bacharelado em Ciencia e Tecnologia
BC0205;Fenomenos Termicos;A2;Diurno;Santo Andre;Terca-feira;10:00;12:00;A-101-0;semanal;Teorica;Jose Kenichi Mizukoshi;Bacharelado em Ciencia e Tecnologia
BC0205;Fenomenos Termicos;A2;Diurno;Santo Andre;Quinta-feira;08:00;10:00;A-101-0;quinzenal II;Teorica;Jose Kenichi Mizukoshi;Bacharelado em Ciencia e Tecnologia
BC0205;Fenomenos Termicos;A2;Diurno;Santo Andre;Quinta-feira;10:00;12:00;L701;quinzenal II;Pratica;Jose Kenichi Mizukoshi;Bacharelado em Ciencia e Tecnologia
BC0205;Fenomenos Termicos;A2;Noturno;Santo Andre;Terca-feira;21:00;23:00;A-101-0;semanal;Teorica;Alex Gomes Dias;Bacharelado em Ciencia e Tecnologia
BC0205;Fenomenos Termicos;A2;Noturno;Santo Andre;Quinta-feira;19:00;21:00;A-101-0;quinzenal II;Teorica;Alex Gomes Dias;Bacharelado em Ciencia e Tecnologia
BC0205;Fenomenos Termicos;A2;Noturno;Santo Andre;Quinta-feira;21:00;23:00;L701;quinzenal II;Pratica;Alysson Fabio Ferrari;Bacharelado em Ciencia e Tecnologia
BC0205;Fenomenos Termicos;A3;Diurno;Santo Andre;Terca-feira;10:00;12:00;A-101-0;semanal;Teorica;Jose Kenichi Mizukoshi ;Bacharelado em Ciencia e Tecnologia
BC0205;Fenomenos Termicos;A3;Diurno;Santo Andre;Quinta-feira;08:00;10:00;A-101-0;quinzenal II;Teorica;Jose Kenichi Mizukoshi ;Bacharelado em Ciencia e Tecnologia
BC0205;Fenomenos Termicos;A3;Diurno;Santo Andre;Quinta-feira;10:00;12:00;L702;quinzenal I;Pratica;Leticie Mendonca Ferreira;Bacharelado em Ciencia e Tecnologia
BC0205;Fenomenos Termicos;A3;Noturno;Santo Andre;Terca-feira;21:00;23:00;A-101-0;semanal;Teorica;Alex Gomes Dias;Bacharelado em Ciencia e Tecnologia
BC0205;Fenomenos Termicos;A3;Noturno;Santo Andre;Quinta-feira;19:00;21:00;A-101-0;quinzenal II;Teorica;Alex Gomes Dias;Bacharelado em Ciencia e Tecnologia
BC0205;Fenomenos Termicos;A3;Noturno;Santo Andre;Quinta-feira;21:00;23:00;L702;quinzenal I;Pratica;Laura Paulucci Marinho;Bacharelado em Ciencia e Tecnologia
BC0205;Fenomenos Termicos;A4;Diurno;Santo Andre;Terca-feira;10:00;12:00;A-114-0;semanal;Teorica;Gustavo Martini Dalpian;Bacharelado em Ciencia e Tecnologia
BC0205;Fenomenos Termicos;A4;Diurno;Santo Andre;Quinta-feira;08:00;10:00;A-114-0;quinzenal II;Teorica;Gustavo Martini Dalpian;Bacharelado em Ciencia e Tecnologia
BC0205;Fenomenos Termicos;A4;Diurno;Santo Andre;Quinta-feira;10:00;12:00;L702;quinzenal II;Pratica;Gustavo Martini Dalpian;Bacharelado em Ciencia e Tecnologia
BC0205;Fenomenos Termicos;A4;Noturno;Santo Andre;Terca-feira;21:00;23:00;A-102-0;semanal;Teorica;Caetano Rodrigues Miranda;Bacharelado em Ciencia e Tecnologia
BC0205;Fenomenos Termicos;A4;Noturno;Santo Andre;Quinta-feira;19:00;21:00;A-102-0;quinzenal II;Teorica;Caetano Rodrigues Miranda;Bacharelado em Ciencia e Tecnologia
BC0205;Fenomenos Termicos;A4;Noturno;Santo Andre;Quinta-feira;21:00;23:00;L702;quinzenal II;Pratica;Caetano Rodrigues Miranda;Bacharelado em Ciencia e Tecnologia
BC0205;Fenomenos Termicos;A5;Diurno;Santo Andre;Terca-feira;10:00;12:00;A-114-0;semanal;Teorica;Gustavo Martini Dalpian;Bacharelado em Ciencia e Tecnologia
BC0205;Fenomenos Termicos;A5;Diurno;Santo Andre;Quinta-feira;08:00;10:00;A-114-0;quinzenal II;Teorica;Gustavo Martini Dalpian;Bacharelado em Ciencia e Tecnologia
BC0205;Fenomenos Termicos;A5;Diurno;Santo Andre;Quinta-feira;10:00;12:00;L705;quinzenal I;Pratica;Gustavo Martini Dalpian;Bacharelado em Ciencia e Tecnologia
BC0205;Fenomenos Termicos;A5;Noturno;Santo Andre;Terca-feira;21:00;23:00;A-102-0;semanal;Teorica;Caetano Rodrigues Miranda;Bacharelado em Ciencia e Tecnologia
BC0205;Fenomenos Termicos;A5;Noturno;Santo Andre;Quinta-feira;19:00;21:00;A-102-0;quinzenal II;Teorica;Caetano Rodrigues Miranda;Bacharelado em Ciencia e Tecnologia
BC0205;Fenomenos Termicos;A5;Noturno;Santo Andre;Quinta-feira;21:00;23:00;L705;quinzenal I;Pratica;Caetano Rodrigues Miranda;Bacharelado em Ciencia e Tecnologia
BC0205;Fenomenos Termicos;A6;Diurno;Santo Andre;Terca-feira;10:00;12:00;A-114-0;semanal;Teorica;Gustavo Martini Dalpian;Bacharelado em Ciencia e Tecnologia
BC0205;Fenomenos Termicos;A6;Diurno;Santo Andre;Quinta-feira;08:00;10:00;A-114-0;quinzenal II;Teorica;Gustavo Martini Dalpian;Bacharelado em Ciencia e Tecnologia
BC0205;Fenomenos Termicos;A6;Diurno;Santo Andre;Quinta-feira;10:00;12:00;L705;quinzenal II;Pratica;Leticie Mendonca Ferreira ;Bacharelado em Ciencia e Tecnologia
BC0205;Fenomenos Termicos;A7;Diurno;Santo Andre;Terca-feira;10:00;12:00;A-103-0;semanal;Teorica;Eduardo de Moraes Gregores;Bacharelado em Ciencia e Tecnologia
BC0205;Fenomenos Termicos;A7;Diurno;Santo Andre;Quinta-feira;08:00;10:00;A-103-0;quinzenal II;Teorica;Eduardo de Moraes Gregores;Bacharelado em Ciencia e Tecnologia
BC0205;Fenomenos Termicos;A7;Diurno;Santo Andre;Quinta-feira;10:00;12:00;L706;quinzenal I;Pratica;Eduardo de Moraes Gregores;Bacharelado em Ciencia e Tecnologia
BC0205;Fenomenos Termicos;A8;Diurno;Santo Andre;Terca-feira;10:00;12:00;A-103-0;semanal;Teorica;Eduardo de Moraes Gregores;Bacharelado em Ciencia e Tecnologia
BC0205;Fenomenos Termicos;A8;Diurno;Santo Andre;Quinta-feira;08:00;10:00;A-103-0;quinzenal II;Teorica;Eduardo de Moraes Gregores;Bacharelado em Ciencia e Tecnologia
BC0205;Fenomenos Termicos;A8;Diurno;Santo Andre;Quinta-feira;10:00;12:00;L706;quinzenal II;Pratica;Eduardo de Moraes Gregores;Bacharelado em Ciencia e Tecnologia
BC0205;Fenomenos Termicos;A9;Diurno;Santo Andre;Terca-feira;10:00;12:00;A-103-0;semanal;Teorica;Eduardo de Moraes Gregores;Bacharelado em Ciencia e Tecnologia
BC0205;Fenomenos Termicos;A9;Diurno;Santo Andre;Quinta-feira;08:00;10:00;A-103-0;quinzenal II;Teorica;Eduardo de Moraes Gregores;Bacharelado em Ciencia e Tecnologia
BC0205;Fenomenos Termicos;A9;Diurno;Santo Andre;Quinta-feira;10:00;12:00;403-3;quinzenal I;Pratica;Marcelo Zanotello;Bacharelado em Ciencia e Tecnologia
BC0205;Fenomenos Termicos;B1;Diurno;Santo Andre;Terca-feira;08:00;10:00;A-114-0;semanal;Teorica;Laura Paulucci Marinho;Bacharelado em Ciencia e Tecnologia
BC0205;Fenomenos Termicos;B1;Diurno;Santo Andre;Quinta-feira;10:00;12:00;A-114-0;quinzenal II;Teorica;Laura Paulucci Marinho;Bacharelado em Ciencia e Tecnologia
BC0205;Fenomenos Termicos;B1;Diurno;Santo Andre;Quinta-feira;08:00;10:00;L701;quinzenal II;Pratica;Laura Paulucci Marinho;Bacharelado em Ciencia e Tecnologia
BC0205;Fenomenos Termicos;B1;Noturno;Santo Andre;Terca-feira;19:00;21:00;A-104-0;semanal;Teorica;Alex Gomes Dias;Bacharelado em Ciencia e Tecnologia
BC0205;Fenomenos Termicos;B1;Noturno;Santo Andre;Quinta-feira;21:00;23:00;A-104-0;quinzenal II;Teorica;Alex Gomes Dias;Bacharelado em Ciencia e Tecnologia
BC0205;Fenomenos Termicos;B1;Noturno;Santo Andre;Quinta-feira;19:00;21:00;L701;quinzenal II;Pratica;Alysson Fabio Ferrari;Bacharelado em Ciencia e Tecnologia
BC0205;Fenomenos Termicos;B2;Diurno;Santo Andre;Terca-feira;08:00;10:00;A-114-0;semanal;Teorica;Laura Paulucci Marinho;Bacharelado em Ciencia e Tecnologia
BC0205;Fenomenos Termicos;B2;Diurno;Santo Andre;Quinta-feira;10:00;12:00;A-114-0;quinzenal II;Teorica;Laura Paulucci Marinho;Bacharelado em Ciencia e Tecnologia
BC0205;Fenomenos Termicos;B2;Diurno;Santo Andre;Quinta-feira;08:00;10:00;L701;quinzenal I;Pratica;Laura Paulucci Marinho;Bacharelado em Ciencia e Tecnologia
BC0205;Fenomenos Termicos;B2;Noturno;Santo Andre;Terca-feira;19:00;21:00;A-104-0;semanal;Teorica;Alex Gomes Dias;Bacharelado em Ciencia e Tecnologia
BC0205;Fenomenos Termicos;B2;Noturno;Santo Andre;Quinta-feira;21:00;23:00;A-104-0;quinzenal II;Teorica;Alex Gomes Dias;Bacharelado em Ciencia e Tecnologia
BC0205;Fenomenos Termicos;B2;Noturno;Santo Andre;Quinta-feira;19:00;21:00;L701;quinzenal I;Pratica;Alysson Fabio Ferrari;Bacharelado em Ciencia e Tecnologia
BC0205;Fenomenos Termicos;B3;Noturno;Santo Andre;Terca-feira;19:00;21:00;A-104-0;semanal;Teorica;Alex Gomes Dias;Bacharelado em Ciencia e Tecnologia
BC0205;Fenomenos Termicos;B3;Noturno;Santo Andre;Quinta-feira;21:00;23:00;A-104-0;quinzenal II;Teorica;Alex Gomes Dias;Bacharelado em Ciencia e Tecnologia
BC0205;Fenomenos Termicos;B3;Noturno;Santo Andre;Quinta-feira;19:00;21:00;L702;quinzenal II;Pratica;Leticie Mendonca Ferreira;Bacharelado em Ciencia e Tecnologia
BC0205;Fenomenos Termicos;B4;Diurno;Santo Andre;Terca-feira;08:00;10:00;A-105-0;semanal;Teorica;Jean Jacques Bonvent;Bacharelado em Ciencia e Tecnologia
BC0205;Fenomenos Termicos;B4;Diurno;Santo Andre;Quinta-feira;10:00;12:00;A-105-0;quinzenal II;Teorica;Jean Jacques Bonvent;Bacharelado em Ciencia e Tecnologia
BC0205;Fenomenos Termicos;B4;Diurno;Santo Andre;Quinta-feira;08:00;10:00;L702;quinzenal I;Pratica;Jean Jacques Bonvent;Bacharelado em Ciencia e Tecnologia
BC0205;Fenomenos Termicos;B4;Noturno;Santo Andre;Terca-feira;19:00;21:00;A-103-0;semanal;Teorica;Eduardo de Moraes Gregores;Bacharelado em Ciencia e Tecnologia
BC0205;Fenomenos Termicos;B4;Noturno;Santo Andre;Quinta-feira;21:00;23:00;A-114-0;quinzenal II;Teorica;Eduardo de Moraes Gregores;Bacharelado em Ciencia e Tecnologia
BC0205;Fenomenos Termicos;B4;Noturno;Santo Andre;Quinta-feira;19:00;21:00;L702;quinzenal I;Pratica;Eduardo de Moraes Gregores;Bacharelado em Ciencia e Tecnologia
BC0205;Fenomenos Termicos;B5;Diurno;Santo Andre;Terca-feira;08:00;10:00;A-105-0;semanal;Teorica;Jean Jacques Bonvent;Bacharelado em Ciencia e Tecnologia
BC0205;Fenomenos Termicos;B5;Diurno;Santo Andre;Quinta-feira;10:00;12:00;A-105-0;quinzenal II;Teorica;Jean Jacques Bonvent;Bacharelado em Ciencia e Tecnologia
BC0205;Fenomenos Termicos;B5;Diurno;Santo Andre;Quinta-feira;08:00;10:00;L705;quinzenal II;Pratica;Jean Jacques Bonvent;Bacharelado em Ciencia e Tecnologia
BC0205;Fenomenos Termicos;B5;Noturno;Santo Andre;Terca-feira;19:00;21:00;A-103-0;semanal;Teorica;Eduardo de Moraes Gregores;Bacharelado em Ciencia e Tecnologia
BC0205;Fenomenos Termicos;B5;Noturno;Santo Andre;Quinta-feira;21:00;23:00;A-114-0;quinzenal II;Teorica;Eduardo de Moraes Gregores;Bacharelado em Ciencia e Tecnologia
BC0205;Fenomenos Termicos;B5;Noturno;Santo Andre;Quinta-feira;19:00;21:00;L705;quinzenal II;Pratica;Eduardo de Moraes Gregores;Bacharelado em Ciencia e Tecnologia
BC0205;Fenomenos Termicos;B6;Diurno;Santo Andre;Terca-feira;08:00;10:00;A-105-0;semanal;Teorica;Jean Jacques Bonvent;Bacharelado em Ciencia e Tecnologia
BC0205;Fenomenos Termicos;B6;Diurno;Santo Andre;Quinta-feira;10:00;12:00;A-105-0;quinzenal II;Teorica;Jean Jacques Bonvent;Bacharelado em Ciencia e Tecnologia
BC0205;Fenomenos Termicos;B6;Diurno;Santo Andre;Quinta-feira;08:00;10:00;L705;quinzenal I;Pratica;Leticie Mendonca Ferreira;Bacharelado em Ciencia e Tecnologia
BC0205;Fenomenos Termicos;B6;Noturno;Santo Andre;Terca-feira;19:00;21:00;A-103-0;semanal;Teorica;Eduardo de Moraes Gregores;Bacharelado em Ciencia e Tecnologia
BC0205;Fenomenos Termicos;B6;Noturno;Santo Andre;Quinta-feira;21:00;23:00;A-114-0;quinzenal II;Teorica;Eduardo de Moraes Gregores;Bacharelado em Ciencia e Tecnologia
BC0205;Fenomenos Termicos;B6;Noturno;Santo Andre;Quinta-feira;19:00;21:00;L705;quinzenal I;Pratica;Laura Paulucci Marinho;Bacharelado em Ciencia e Tecnologia
BC0205;Fenomenos Termicos;B7;Noturno;Santo Andre;Terca-feira;19:00;21:00;S-207-0;semanal;Teorica;Vilson Tonin Zanchin;Bacharelado em Ciencia e Tecnologia
BC0205;Fenomenos Termicos;B7;Noturno;Santo Andre;Quinta-feira;21:00;23:00;S-212-0;quinzenal II;Teorica;Vilson Tonin Zanchin;Bacharelado em Ciencia e Tecnologia
BC0205;Fenomenos Termicos;B7;Noturno;Santo Andre;Quinta-feira;19:00;21:00;403-3;quinzenal II;Pratica;Vilson Tonin Zanchin;Bacharelado em Ciencia e Tecnologia
BC0205;Fenomenos Termicos;B8;Noturno;Santo Andre;Terca-feira;19:00;21:00;S-207-0;semanal;Teorica;Vilson Tonin Zanchin;Bacharelado em Ciencia e Tecnologia
BC0205;Fenomenos Termicos;B8;Noturno;Santo Andre;Quinta-feira;21:00;23:00;S-212-0;quinzenal II;Teorica;Vilson Tonin Zanchin;Bacharelado em Ciencia e Tecnologia
BC0205;Fenomenos Termicos;B8;Noturno;Santo Andre;Quinta-feira;19:00;21:00;L706;quinzenal I;Pratica;Vilson Tonin Zanchin;Bacharelado em Ciencia e Tecnologia
BC0205;Fenomenos Termicos;B9;Noturno;Santo Andre;Terca-feira;19:00;21:00;S-207-0;semanal;Teorica;Vilson Tonin Zanchin;Bacharelado em Ciencia e Tecnologia
BC0205;Fenomenos Termicos;B9;Noturno;Santo Andre;Quinta-feira;21:00;23:00;S-212-0;quinzenal II;Teorica;Vilson Tonin Zanchin;Bacharelado em Ciencia e Tecnologia
BC0205;Fenomenos Termicos;B9;Noturno;Santo Andre;Quinta-feira;19:00;21:00;L706;quinzenal II;Pratica;Maria Ines Ribas Rodrigues;Bacharelado em Ciencia e Tecnologia
BC0103;Fisica Quantica;A;Diurno;Santo Andre;Terca-feira;10:00;12:00;A-105-0;semanal;Teorica;Marcos Roberto da Silva Tavares;Bacharelado em Ciencia e Tecnologia
BC0103;Fisica Quantica;A;Diurno;Santo Andre;Quinta-feira;08:00;10:00;A-105-0;quinzenal II;Teorica;Marcos Roberto da Silva Tavares;Bacharelado em Ciencia e Tecnologia
BC0103;Fisica Quantica;A;Noturno;Santo Andre;Terca-feira;19:00;21:00;A-108-0;semanal;Teorica;Marcos Roberto da Silva Tavares;Bacharelado em Ciencia e Tecnologia
BC0103;Fisica Quantica;A;Noturno;Santo Andre;Quinta-feira;21:00;23:00;A-108-0;quinzenal II;Teorica;Marcos Roberto da Silva Tavares;Bacharelado em Ciencia e Tecnologia
BC0402;Funcoes de Uma Variavel;A;Diurno;Santo Andre;Segunda-feira;08:00;10:00;S-204-0;semanal;Teorica;Marijana Brtka;Bacharelado em Ciencia e Tecnologia
BC0402;Funcoes de Uma Variavel;A;Diurno;Santo Andre;Quarta-feira;10:00;12:00;S-204-0;semanal;Teorica;Marijana Brtka;Bacharelado em Ciencia e Tecnologia
BC0402;Funcoes de Uma Variavel;A;Noturno;Santo Andre;Segunda-feira;19:00;21:00;A-113-0;semanal;Teorica;Gordana Manic;Bacharelado em Ciencia e Tecnologia
BC0402;Funcoes de Uma Variavel;A;Noturno;Santo Andre;Quarta-feira;21:00;23:00;A-113-0;semanal;Teorica;Gordana Manic;Bacharelado em Ciencia e Tecnologia
BC0402;Funcoes de Uma Variavel;B1;Noturno;Santo Andre;Segunda-feira;21:00;23:00;S-212-0;semanal;Teorica;Edson Alex Arrazola Iriarte;Bacharelado em Ciencia e Tecnologia
BC0402;Funcoes de Uma Variavel;B1;Noturno;Santo Andre;Quarta-feira;19:00;21:00;S-206-0;semanal;Teorica;Edson Alex Arrazola Iriarte;Bacharelado em Ciencia e Tecnologia
BC0402;Funcoes de Uma Variavel;B;Noturno;Santo Andre;Segunda-feira;21:00;23:00;A-114-0;semanal;Teorica;Gordana Manic;Bacharelado em Ciencia e Tecnologia
BC0402;Funcoes de Uma Variavel;B;Noturno;Santo Andre;Quarta-feira;19:00;21:00;A-114-0;semanal;Teorica;Gordana Manic;Bacharelado em Ciencia e Tecnologia
BC0407;Funcoes de Varias Variaveis;A1;Diurno;Santo Andre;Segunda-feira;08:00;10:00;A-102-0;semanal;Teorica;Ilma Aparecida Marques Silva;Bacharelado em Ciencia e Tecnologia
BC0407;Funcoes de Varias Variaveis;A1;Diurno;Santo Andre;Quarta-feira;10:00;12:00;A-102-0;semanal;Teorica;Ilma Aparecida Marques Silva;Bacharelado em Ciencia e Tecnologia
BC0407;Funcoes de Varias Variaveis;A1;Noturno;Santo Andre;Segunda-feira;19:00;21:00;A-101-0;semanal;Teorica;Mauricio Richartz;Bacharelado em Ciencia e Tecnologia
BC0407;Funcoes de Varias Variaveis;A1;Noturno;Santo Andre;Quarta-feira;21:00;23:00;A-101-0;semanal;Teorica;Mauricio Richartz;Bacharelado em Ciencia e Tecnologia
BC0407;Funcoes de Varias Variaveis;A2;Diurno;Santo Andre;Segunda-feira;08:00;10:00;A-101-0;semanal;Teorica;Vladislav Kupriyanov;Bacharelado em Ciencia e Tecnologia
BC0407;Funcoes de Varias Variaveis;A2;Diurno;Santo Andre;Quarta-feira;10:00;12:00;A-101-0;semanal;Teorica;Vladislav Kupriyanov;Bacharelado em Ciencia e Tecnologia
BC0407;Funcoes de Varias Variaveis;A2;Noturno;Santo Andre;Segunda-feira;19:00;21:00;A-103-0;semanal;Teorica;Vladislav Kupriyanov;Bacharelado em Ciencia e Tecnologia
BC0407;Funcoes de Varias Variaveis;A2;Noturno;Santo Andre;Quarta-feira;21:00;23:00;A-103-0;semanal;Teorica;Vladislav Kupriyanov;Bacharelado em Ciencia e Tecnologia
BC0407;Funcoes de Varias Variaveis;A3;Diurno;Santo Andre;Segunda-feira;08:00;10:00;A-103-0;semanal;Teorica;Jeferson Cassiano;Bacharelado em Ciencia e Tecnologia
BC0407;Funcoes de Varias Variaveis;A3;Diurno;Santo Andre;Quarta-feira;10:00;12:00;A-103-0;semanal;Teorica;Jeferson Cassiano;Bacharelado em Ciencia e Tecnologia
BC0407;Funcoes de Varias Variaveis;A3;Noturno;Santo Andre;Segunda-feira;19:00;21:00;A-102-0;semanal;Teorica;Jeferson Cassiano;Bacharelado em Ciencia e Tecnologia
BC0407;Funcoes de Varias Variaveis;A3;Noturno;Santo Andre;Quarta-feira;21:00;23:00;A-102-0;semanal;Teorica;Jeferson Cassiano;Bacharelado em Ciencia e Tecnologia
BC0407;Funcoes de Varias Variaveis;B1;Diurno;Santo Andre;Segunda-feira;10:00;12:00;A-104-0;semanal;Teorica;Ilma Aparecida Marques Silva;Bacharelado em Ciencia e Tecnologia
BC0407;Funcoes de Varias Variaveis;B1;Diurno;Santo Andre;Quarta-feira;08:00;10:00;A-104-0;semanal;Teorica;Ilma Aparecida Marques Silva;Bacharelado em Ciencia e Tecnologia
BC0407;Funcoes de Varias Variaveis;B1;Noturno;Santo Andre;Segunda-feira;21:00;23:00;A-104-0;semanal;Teorica;Mauricio Richartz;Bacharelado em Ciencia e Tecnologia
BC0407;Funcoes de Varias Variaveis;B1;Noturno;Santo Andre;Quarta-feira;19:00;21:00;A-104-0;semanal;Teorica;Mauricio Richartz;Bacharelado em Ciencia e Tecnologia
BC0407;Funcoes de Varias Variaveis;B2;Noturno;Santo Andre;Segunda-feira;21:00;23:00;A-105-0;semanal;Teorica;Vladislav Kupriyanov;Bacharelado em Ciencia e Tecnologia
BC0407;Funcoes de Varias Variaveis;B2;Noturno;Santo Andre;Quarta-feira;19:00;21:00;A-105-0;semanal;Teorica;Vladislav Kupriyanov;Bacharelado em Ciencia e Tecnologia
BC0404;Geometria Analitica;A1;Diurno;Santo Andre;Segunda-feira;08:00;10:00;S-205-0;semanal;Teorica;Daniel Miranda Machado;Bacharelado em Ciencia e Tecnologia
BC0404;Geometria Analitica;A1;Diurno;Santo Andre;Quarta-feira;10:00;12:00;S-205-0;quinzenal I;Teorica;Daniel Miranda Machado;Bacharelado em Ciencia e Tecnologia
BC0404;Geometria Analitica;A1;Noturno;Santo Andre;Segunda-feira;19:00;21:00;S-205-0;semanal;Teorica;Valdecir Marvulle;Bacharelado em Ciencia e Tecnologia
BC0404;Geometria Analitica;A1;Noturno;Santo Andre;Quarta-feira;21:00;23:00;S-205-0;quinzenal I;Teorica;Valdecir Marvulle;Bacharelado em Ciencia e Tecnologia
BC0404;Geometria Analitica;A;Diurno;Santo Andre;Segunda-feira;08:00;10:00;A-106-0;semanal;Teorica;Mariana Rodrigues da Silveira;Bacharelado em Ciencia e Tecnologia
BC0404;Geometria Analitica;A;Diurno;Santo Andre;Quarta-feira;10:00;12:00;A-106-0;quinzenal I;Teorica;Mariana Rodrigues da Silveira;Bacharelado em Ciencia e Tecnologia
BC0404;Geometria Analitica;A;Noturno;Santo Andre;Segunda-feira;19:00;21:00;A-114-0;semanal;Teorica;Joao Paulo Pitelli Manoel;Bacharelado em Ciencia e Tecnologia
BC0404;Geometria Analitica;A;Noturno;Santo Andre;Quarta-feira;21:00;23:00;A-114-0;quinzenal I;Teorica;Joao Paulo Pitelli Manoel;Bacharelado em Ciencia e Tecnologia
BC0104;Interacoes Atomicas e Moleculares;A1;Diurno;Santo Andre;Segunda-feira;10:00;12:00;S-204-0;quinzenal I;Teorica;Adriano Reinaldo Vicoto Benvenho;Bacharelado em Ciencia e Tecnologia
BC0104;Interacoes Atomicas e Moleculares;A1;Diurno;Santo Andre;Quinta-feira;08:00;10:00;S-204-0;semanal;Teorica;Adriano Reinaldo Vicoto Benvenho;Bacharelado em Ciencia e Tecnologia
BC0104;Interacoes Atomicas e Moleculares;A1;Noturno;Santo Andre;Segunda-feira;21:00;23:00;S-204-0;quinzenal I;Teorica;Mauricio Domingues Coutinho Neto;Bacharelado em Ciencia e Tecnologia
BC0104;Interacoes Atomicas e Moleculares;A1;Noturno;Santo Andre;Quinta-feira;19:00;21:00;S-204-0;semanal;Teorica;Mauricio Domingues Coutinho Neto;Bacharelado em Ciencia e Tecnologia
BC0104;Interacoes Atomicas e Moleculares;A2;Diurno;Santo Andre;Segunda-feira;10:00;12:00;S-205-0;quinzenal I;Teorica;Ever Aldo Arroyo Montero;Bacharelado em Ciencia e Tecnologia
BC0104;Interacoes Atomicas e Moleculares;A2;Diurno;Santo Andre;Quinta-feira;08:00;10:00;S-205-0;semanal;Teorica;Ever Aldo Arroyo Montero;Bacharelado em Ciencia e Tecnologia
BC0104;Interacoes Atomicas e Moleculares;A2;Noturno;Santo Andre;Segunda-feira;21:00;23:00;S-205-0;quinzenal I;Teorica;Pieter Willem Westera;Bacharelado em Ciencia e Tecnologia
BC0104;Interacoes Atomicas e Moleculares;A2;Noturno;Santo Andre;Quinta-feira;19:00;21:00;S-205-0;semanal;Teorica;Pieter Willem Westera;Bacharelado em Ciencia e Tecnologia
BC0104;Interacoes Atomicas e Moleculares;B1;Diurno;Santo Andre;Segunda-feira;08:00;10:00;S-206-0;quinzenal I;Teorica;Adriano Reinaldo Vicoto Benvenho;Bacharelado em Ciencia e Tecnologia
BC0104;Interacoes Atomicas e Moleculares;B1;Diurno;Santo Andre;Quinta-feira;10:00;12:00;S-206-0;semanal;Teorica;Adriano Reinaldo Vicoto Benvenho;Bacharelado em Ciencia e Tecnologia
BC0104;Interacoes Atomicas e Moleculares;B1;Noturno;Santo Andre;Segunda-feira;19:00;21:00;S-206-0;quinzenal I;Teorica;Mauricio Domingues Coutinho Neto;Bacharelado em Ciencia e Tecnologia
BC0104;Interacoes Atomicas e Moleculares;B1;Noturno;Santo Andre;Quinta-feira;21:00;23:00;S-206-0;semanal;Teorica;Mauricio Domingues Coutinho Neto;Bacharelado em Ciencia e Tecnologia
BC0104;Interacoes Atomicas e Moleculares;B2;Diurno;Santo Andre;Segunda-feira;08:00;10:00;S-207-0;quinzenal I;Teorica;Ever Aldo Arroyo Montero;Bacharelado em Ciencia e Tecnologia
BC0104;Interacoes Atomicas e Moleculares;B2;Diurno;Santo Andre;Quinta-feira;10:00;12:00;S-207-0;semanal;Teorica;Ever Aldo Arroyo Montero;Bacharelado em Ciencia e Tecnologia
BC0104;Interacoes Atomicas e Moleculares;B2;Noturno;Santo Andre;Segunda-feira;19:00;21:00;S-207-0;quinzenal I;Teorica;Pieter Willem Westera;Bacharelado em Ciencia e Tecnologia
BC0104;Interacoes Atomicas e Moleculares;B2;Noturno;Santo Andre;Quinta-feira;21:00;23:00;S-207-0;semanal;Teorica;Pieter Willem Westera;Bacharelado em Ciencia e Tecnologia
BC0406;Introducao a Probabilidade e a Estatistica;A;Diurno;Santo Andre;Segunda-feira;08:00;10:00;S-208-0;semanal;Teorica;Kostiantyn Iusenko;Bacharelado em Ciencia e Tecnologia
BC0406;Introducao a Probabilidade e a Estatistica;A;Diurno;Santo Andre;Quarta-feira;10:00;12:00;S-208-0;quinzenal I;Teorica;Kostiantyn Iusenko;Bacharelado em Ciencia e Tecnologia
BC0406;Introducao a Probabilidade e a Estatistica;A;Noturno;Santo Andre;Segunda-feira;19:00;21:00;S-208-0;semanal;Teorica;Kostiantyn Iusenko;Bacharelado em Ciencia e Tecnologia
BC0406;Introducao a Probabilidade e a Estatistica;A;Noturno;Santo Andre;Quarta-feira;21:00;23:00;S-208-0;quinzenal I;Teorica;Kostiantyn Iusenko;Bacharelado em Ciencia e Tecnologia
BC0405;Introducao as Equacoes Diferenciais Ordinarias;A;Diurno;Santo Andre;Segunda-feira;08:00;10:00;A-105-0;semanal;Teorica;Celso Chikahiro Nishi;Bacharelado em Ciencia e Tecnologia
BC0405;Introducao as Equacoes Diferenciais Ordinarias;A;Diurno;Santo Andre;Quarta-feira;10:00;12:00;A-107-0;semanal;Teorica;Celso Chikahiro Nishi;Bacharelado em Ciencia e Tecnologia
BC0405;Introducao as Equacoes Diferenciais Ordinarias;A;Noturno;Santo Andre;Segunda-feira;19:00;21:00;S-204-0;semanal;Teorica;Eduardo Gueron;Bacharelado em Ciencia e Tecnologia
BC0405;Introducao as Equacoes Diferenciais Ordinarias;A;Noturno;Santo Andre;Quarta-feira;21:00;23:00;S-204-0;semanal;Teorica;Eduardo Gueron;Bacharelado em Ciencia e Tecnologia
MC6002;Laboratorio de Redes;A;Diurno;Santo Andre;Terca-feira;10:00;12:00;404-2;semanal;Pratica;Nunzio Marco Torrisi;Bacharelado em Ciencia da Computacao
MC6002;Laboratorio de Redes;A;Diurno;Santo Andre;Quinta-feira;08:00;10:00;404-2;semanal;Pratica;Nunzio Marco Torrisi;Bacharelado em Ciencia da Computacao
MC6002;Laboratorio de Redes;A;Noturno;Santo Andre;Terca-feira;21:00;23:00;404-2;semanal;Pratica;Nunzio Marco Torrisi;Bacharelado em Ciencia da Computacao
MC6002;Laboratorio de Redes;A;Noturno;Santo Andre;Quinta-feira;19:00;21:00;404-2;semanal;Pratica;Nunzio Marco Torrisi;Bacharelado em Ciencia da Computacao
BC1426;Logica Basica;A;Diurno;Santo Andre;Quarta-feira;14:00;16:00;S-213-0;semanal;Teorica;Luis Paulo Barbour Scott;Bacharelado em Ciencia da Computacao
BC1426;Logica Basica;A;Diurno;Santo Andre;Sexta-feira;14:00;16:00;S-213-0;semanal;Teorica;Luis Paulo Barbour Scott;Bacharelado em Ciencia da Computacao
BC1426;Logica Basica;A;Noturno;Santo Andre;Sabado;08:00;12:00;S-213-0;semanal;Teorica;Rogerio Perino de Oliveira Neves;Bacharelado em Ciencia da Computacao
BC0504;Natureza da Informacao;A;Diurno;Santo Andre;Segunda-feira;10:00;12:00;A-113-0;semanal;Teorica;Yossi Zana;Bacharelado em Ciencia e Tecnologia
BC0504;Natureza da Informacao;A;Diurno;Santo Andre;Quarta-feira;08:00;10:00;A-113-0;quinzenal II;Teorica;Yossi Zana;Bacharelado em Ciencia e Tecnologia
BC0504;Natureza da Informacao;A;Noturno;Santo Andre;Segunda-feira;21:00;23:00;S-207-0;semanal;Teorica;Yossi Zana;Bacharelado em Ciencia e Tecnologia
BC0504;Natureza da Informacao;A;Noturno;Santo Andre;Quarta-feira;19:00;21:00;S-207-0;quinzenal II;Teorica;Yossi Zana;Bacharelado em Ciencia e Tecnologia
BC0304;Origem da Vida e Diversidade dos Seres Vivos;A;Noturno;Santo Andre;Quarta-feira;19:00;21:00;A-106-0;quinzenal I;Teorica;Eduardo Leite Borba;Bacharelado em Ciencia e Tecnologia
BC0304;Origem da Vida e Diversidade dos Seres Vivos;A;Noturno;Santo Andre;Sexta-feira;19:00;21:00;A-106-0;semanal;Teorica;Eduardo Leite Borba;Bacharelado em Ciencia e Tecnologia
BC0002;Projeto Dirigido;A1;Diurno;Santo Andre;Quarta-feira;08:00;10:00;S-204-0;semanal;Pratica;Flavia Camargo Alves Figueiredo;Bacharelado em Ciencia da Computacao
BC0002;Projeto Dirigido;A1;Noturno;Santo Andre;Quarta-feira;19:00;21:00;S-204-0;semanal;Pratica;Ana Paula de Mattos Areas Dau;Bacharelado em Ciencia da Computacao
BC0002;Projeto Dirigido;A2;Diurno;Santo Andre;Quarta-feira;08:00;10:00;S-205-0;semanal;Pratica;Adelaide Faljoni Alario ;Bacharelado em Ciencia da Computacao
BC0002;Projeto Dirigido;A2;Noturno;Santo Andre;Quarta-feira;19:00;21:00;S-205-0;semanal;Pratica;Sergio Daishi Sasaki;Bacharelado em Ciencia da Computacao
BC0002;Projeto Dirigido;A3;Diurno;Santo Andre;Quarta-feira;08:00;10:00;S-206-0;semanal;Pratica;Ruth Ferreira Galduroz;Bacharelado em Ciencia da Computacao
BC0002;Projeto Dirigido;A3;Noturno;Santo Andre;Quarta-feira;19:00;21:00;S-307-2;semanal;Pratica;Maraisa Goncalves;Bacharelado em Ciencia da Computacao
BC0002;Projeto Dirigido;B1;Diurno;Santo Andre;Quarta-feira;10:00;12:00;S-207-0;semanal;Pratica;Flavia Camargo Alves Figueiredo;Bacharelado em Ciencia da Computacao
BC0002;Projeto Dirigido;B1;Noturno;Santo Andre;Quarta-feira;21:00;23:00;S-207-0;semanal;Pratica;Claudia Boian;Bacharelado em Ciencia da Computacao
BC0002;Projeto Dirigido;B2;Diurno;Santo Andre;Quarta-feira;10:00;12:00;S-206-0;semanal;Pratica;Adelaide Faljoni Alario;Bacharelado em Ciencia da Computacao
BC0002;Projeto Dirigido;B2;Noturno;Santo Andre;Sabado;10:00;12:00;S-206-0;semanal;Pratica;Edson Pinheiro Pimentel;Bacharelado em Ciencia da Computacao
BC0002;Projeto Dirigido;C;Noturno;Santo Andre;Sabado;08:00;10:00;S-008-0;semanal;Pratica;Margarethe Steinberger Elias;Bacharelado em Ciencia da Computacao
BC0002;Projeto Dirigido;D;Noturno;Santo Andre;Sabado;10:00;12:00;S-008-0;semanal;Pratica;Margarethe Steinberger Elias;Bacharelado em Ciencia da Computacao
BC1513;Redes de Computadores;A1;Diurno;Santo Andre;Quarta-feira;08:00;10:00;S-301-3;semanal;Teorica;Joao Henrique Kleinschmidt;Bacharelado em Ciencia da Computacao
BC1513;Redes de Computadores;A1;Diurno;Santo Andre;Sexta-feira;10:00;12:00;107-0;semanal;Teorica;Joao Henrique Kleinschmidt;Bacharelado em Ciencia da Computacao
BC1513;Redes de Computadores;A1;Diurno;Santo Andre;Sexta-feira;10:00;12:00;408-2;semanal;Pratica;Joao Henrique Kleinschmidt;Bacharelado em Ciencia da Computacao
BC1513;Redes de Computadores;A1;Noturno;Santo Andre;Quarta-feira;21:00;23:00;S-301-3;semanal;Teorica;Joao Henrique Kleinschmidt;Bacharelado em Ciencia da Computacao
BC1513;Redes de Computadores;A1;Noturno;Santo Andre;Sexta-feira;19:00;21:00;107-0;semanal;Teorica;Joao Henrique Kleinschmidt;Bacharelado em Ciencia da Computacao
BC1513;Redes de Computadores;A1;Noturno;Santo Andre;Sexta-feira;19:00;21:00;408-2;semanal;Pratica;Nunzio Marco Torrisi;Bacharelado em Ciencia da Computacao
BC1513;Redes de Computadores;A2;Diurno;Santo Andre;Quarta-feira;08:00;10:00;S-301-3;semanal;Teorica;Joao Henrique Kleinschmidt;Bacharelado em Ciencia da Computacao
BC1513;Redes de Computadores;A2;Diurno;Santo Andre;Sexta-feira;10:00;12:00;107-0;semanal;Teorica;Joao Henrique Kleinschmidt;Bacharelado em Ciencia da Computacao
BC1513;Redes de Computadores;A2;Diurno;Santo Andre;Sexta-feira;10:00;12:00;404-2;semanal;Pratica;Gustavo Sousa Pavani;Bacharelado em Ciencia da Computacao
BC1513;Redes de Computadores;A2;Noturno;Santo Andre;Quarta-feira;21:00;23:00;S-301-3;semanal;Teorica;Joao Henrique Kleinschmidt;Bacharelado em Ciencia da Computacao
BC1513;Redes de Computadores;A2;Noturno;Santo Andre;Sexta-feira;19:00;21:00;107-0;semanal;Teorica;Joao Henrique Kleinschmidt;Bacharelado em Ciencia da Computacao
BC1513;Redes de Computadores;A2;Noturno;Santo Andre;Sexta-feira;19:00;21:00;404-2;semanal;Pratica;Gustavo Sousa Pavani;Bacharelado em Ciencia da Computacao
MC6006;Redes sem Fio;A;Noturno;Santo Andre;Quarta-feira;19:00;21:00;404-2;semanal;Pratica;Gustavo Sousa Pavani;Bacharelado em Ciencia da Computacao
MC6006;Redes sem Fio;A;Noturno;Santo Andre;Sexta-feira;21:00;23:00;404-2;semanal;Pratica;Gustavo Sousa Pavani;Bacharelado em Ciencia da Computacao
BC1510;Sistemas de Informacao;A;Noturno;Santo Andre;Terca-feira;19:00;21:00;S-301-3;semanal;Teorica;Francisco de Assis Zampirolli;Bacharelado em Ciencia da Computacao
BC1510;Sistemas de Informacao;A;Noturno;Santo Andre;Quinta-feira;21:00;23:00;S-308-2;semanal;Teorica;Francisco de Assis Zampirolli;Bacharelado em Ciencia da Computacao
MC3304;Sistemas Digitais;A1;Diurno;Santo Andre;Quarta-feira;10:00;12:00;S-301-3;semanal;Teorica;Jose Artur Quilici Gonzalez;Bacharelado em Ciencia da Computacao
MC3304;Sistemas Digitais;A1;Diurno;Santo Andre;Terca-feira;08:00;10:00;408-2;semanal;Pratica;Jose Artur Quilici Gonzalez;Bacharelado em Ciencia da Computacao
MC3304;Sistemas Digitais;A1;Noturno;Santo Andre;Quarta-feira;19:00;21:00;S-301-3;semanal;Teorica;Jose Artur Quilici Gonzalez;Bacharelado em Ciencia da Computacao
MC3304;Sistemas Digitais;A1;Noturno;Santo Andre;Terca-feira;19:00;21:00;408-2;semanal;Pratica;Jose Artur Quilici Gonzalez;Bacharelado em Ciencia da Computacao
MC3304;Sistemas Digitais;A2;Noturno;Santo Andre;Quarta-feira;19:00;21:00;S-301-3;semanal;Teorica;Jose Artur Quilici Gonzalez;Bacharelado em Ciencia da Computacao
MC3304;Sistemas Digitais;A2;Noturno;Santo Andre;Terca-feira;21:00;23:00;408-2;semanal;Pratica;Jose Artur Quilici Gonzalez;Bacharelado em Ciencia da Computacao
BC0306;Transformacoes nos Seres Vivos e Ambiente;A;Diurno;Santo Andre;Quarta-feira;08:00;10:00;A-106-0;quinzenal I;Teorica;Carlos Suetoshi Miyazawa;Bacharelado em Ciencia e Tecnologia
BC0306;Transformacoes nos Seres Vivos e Ambiente;A;Diurno;Santo Andre;Sexta-feira;08:00;10:00;A-106-0;semanal;Teorica;Carlos Suetoshi Miyazawa;Bacharelado em Ciencia e Tecnologia
BC0306;Transformacoes nos Seres Vivos e Ambiente;A;Noturno;Santo Andre;Quarta-feira;19:00;21:00;A-113-0;quinzenal I;Teorica;Simone Rodrigues de Freitas;Bacharelado em Ciencia e Tecnologia
BC0306;Transformacoes nos Seres Vivos e Ambiente;A;Noturno;Santo Andre;Sexta-feira;19:00;21:00;A-113-0;semanal;Teorica;Simone Rodrigues de Freitas;Bacharelado em Ciencia e Tecnologia
BC0307;Transformacoes Quimicas;A1;Diurno;Santo Andre;Quarta-feira;08:00;10:00;A-101-0;quinzenal II;Teorica;Rodrigo Maghdissian Cordeiro;Bacharelado em Ciencia e Tecnologia
BC0307;Transformacoes Quimicas;A1;Diurno;Santo Andre;Sexta-feira;10:00;12:00;A-101-0;semanal;Teorica;Rodrigo Maghdissian Cordeiro;Bacharelado em Ciencia e Tecnologia
BC0307;Transformacoes Quimicas;A1;Diurno;Santo Andre;Sexta-feira;08:00;10:00;L601;semanal;Pratica;Vani Xavier de Oliveira Junior;Bacharelado em Ciencia e Tecnologia
BC0307;Transformacoes Quimicas;A1;Noturno;Santo Andre;Quarta-feira;19:00;21:00;A-101-0;quinzenal II;Teorica;Hugo Barbosa Suffredini;Bacharelado em Ciencia e Tecnologia
BC0307;Transformacoes Quimicas;A1;Noturno;Santo Andre;Sexta-feira;21:00;23:00;A-101-0;semanal;Teorica;Hugo Barbosa Suffredini;Bacharelado em Ciencia e Tecnologia
BC0307;Transformacoes Quimicas;A1;Noturno;Santo Andre;Sexta-feira;19:00;21:00;L601;semanal;Pratica;Rodrigo Maghdissian Cordeiro;Bacharelado em Ciencia e Tecnologia
BC0307;Transformacoes Quimicas;A2;Diurno;Santo Andre;Sexta-feira;10:00;12:00;A-101-0;semanal;Teorica;Rodrigo Maghdissian Cordeiro;Bacharelado em Ciencia e Tecnologia
BC0307;Transformacoes Quimicas;A2;Diurno;Santo Andre;Sexta-feira;08:00;10:00;L602;semanal;Pratica;Anderson Orzari Ribeiro;Bacharelado em Ciencia e Tecnologia
BC0307;Transformacoes Quimicas;A2;Noturno;Santo Andre;Quarta-feira;19:00;21:00;A-101-0;quinzenal II;Teorica;Hugo Barbosa Suffredini;Bacharelado em Ciencia e Tecnologia
BC0307;Transformacoes Quimicas;A2;Noturno;Santo Andre;Sexta-feira;21:00;23:00;A-101-0;semanal;Teorica;Hugo Barbosa Suffredini;Bacharelado em Ciencia e Tecnologia
BC0307;Transformacoes Quimicas;A2;Noturno;Santo Andre;Sexta-feira;19:00;21:00;L602;semanal;Pratica;Angela Albuquerque Teixeira Neto;Bacharelado em Ciencia e Tecnologia
BC0307;Transformacoes Quimicas;A3;Diurno;Santo Andre;Quarta-feira;08:00;10:00;A-101-0;quinzenal II;Teorica;Rodrigo Maghdissian Cordeiro;Bacharelado em Ciencia e Tecnologia
BC0307;Transformacoes Quimicas;A3;Diurno;Santo Andre;Sexta-feira;10:00;12:00;A-101-0;semanal;Teorica;Rodrigo Maghdissian Cordeiro;Bacharelado em Ciencia e Tecnologia
BC0307;Transformacoes Quimicas;A3;Diurno;Santo Andre;Sexta-feira;08:00;10:00;L605;semanal;Pratica;Bruno Lemos Batista;Bacharelado em Ciencia e Tecnologia
BC0307;Transformacoes Quimicas;A3;Noturno;Santo Andre;Quarta-feira;19:00;21:00;A-101-0;quinzenal II;Teorica;Hugo Barbosa Suffredini;Bacharelado em Ciencia e Tecnologia
BC0307;Transformacoes Quimicas;A3;Noturno;Santo Andre;Sexta-feira;21:00;23:00;A-101-0;semanal;Teorica;Hugo Barbosa Suffredini;Bacharelado em Ciencia e Tecnologia
BC0307;Transformacoes Quimicas;A3;Noturno;Santo Andre;Sexta-feira;19:00;21:00;L605;semanal;Pratica;Dalmo Mandelli;Bacharelado em Ciencia e Tecnologia
BC0307;Transformacoes Quimicas;A4;Diurno;Santo Andre;Quarta-feira;08:00;10:00;A-102-0;quinzenal II;Teorica;Luiz Francisco Monteiro Leite Ciscato;Bacharelado em Ciencia e Tecnologia
BC0307;Transformacoes Quimicas;A4;Diurno;Santo Andre;Sexta-feira;10:00;12:00;A-102-0;semanal;Teorica;Luiz Francisco Monteiro Leite Ciscato;Bacharelado em Ciencia e Tecnologia
BC0307;Transformacoes Quimicas;A4;Diurno;Santo Andre;Sexta-feira;08:00;10:00;L606;semanal;Pratica;Heloisa Franca Maltez;Bacharelado em Ciencia e Tecnologia
BC0307;Transformacoes Quimicas;A4;Noturno;Santo Andre;Quarta-feira;19:00;21:00;A-102-0;quinzenal II;Teorica;Anderson Orzari Ribeiro;Bacharelado em Ciencia e Tecnologia
BC0307;Transformacoes Quimicas;A4;Noturno;Santo Andre;Sexta-feira;21:00;23:00;A-102-0;semanal;Teorica;Anderson Orzari Ribeiro;Bacharelado em Ciencia e Tecnologia
BC0307;Transformacoes Quimicas;A4;Noturno;Santo Andre;Sexta-feira;19:00;21:00;L606;semanal;Pratica;Viviane Viana Silva;Bacharelado em Ciencia e Tecnologia
BC0307;Transformacoes Quimicas;A5;Diurno;Santo Andre;Quarta-feira;08:00;10:00;A-102-0;quinzenal II;Teorica;Luiz Francisco Monteiro Leite Ciscato;Bacharelado em Ciencia e Tecnologia
BC0307;Transformacoes Quimicas;A5;Diurno;Santo Andre;Sexta-feira;10:00;12:00;A-102-0;semanal;Teorica;Luiz Francisco Monteiro Leite Ciscato;Bacharelado em Ciencia e Tecnologia
BC0307;Transformacoes Quimicas;A5;Diurno;Santo Andre;Sexta-feira;08:00;10:00;404-3;semanal;Pratica;Patricia Dantoni Alnis Bezerra;Bacharelado em Ciencia e Tecnologia
BC0307;Transformacoes Quimicas;A5;Noturno;Santo Andre;Quarta-feira;19:00;21:00;A-102-0;quinzenal II;Teorica;Anderson Orzari Ribeiro;Bacharelado em Ciencia e Tecnologia
BC0307;Transformacoes Quimicas;A5;Noturno;Santo Andre;Sexta-feira;21:00;23:00;A-102-0;semanal;Teorica;Anderson Orzari Ribeiro;Bacharelado em Ciencia e Tecnologia
BC0307;Transformacoes Quimicas;A5;Noturno;Santo Andre;Sexta-feira;19:00;21:00;404-3;semanal;Pratica;Mariselma Ferreira;Bacharelado em Ciencia e Tecnologia
BC0307;Transformacoes Quimicas;A6;Diurno;Santo Andre;Quarta-feira;08:00;10:00;A-102-0;quinzenal II;Teorica;Luiz Francisco Monteiro Leite Ciscato;Bacharelado em Ciencia e Tecnologia
BC0307;Transformacoes Quimicas;A6;Diurno;Santo Andre;Sexta-feira;10:00;12:00;A-102-0;semanal;Teorica;Luiz Francisco Monteiro Leite Ciscato;Bacharelado em Ciencia e Tecnologia
BC0307;Transformacoes Quimicas;A6;Diurno;Santo Andre;Sexta-feira;08:00;10:00;405-3;semanal;Pratica;Maraisa Goncalves ;Bacharelado em Ciencia e Tecnologia
BC0307;Transformacoes Quimicas;A6;Noturno;Santo Andre;Quarta-feira;19:00;21:00;A-102-0;quinzenal II;Teorica;Anderson Orzari Ribeiro;Bacharelado em Ciencia e Tecnologia
BC0307;Transformacoes Quimicas;A6;Noturno;Santo Andre;Sexta-feira;21:00;23:00;A-102-0;semanal;Teorica;Anderson Orzari Ribeiro;Bacharelado em Ciencia e Tecnologia
BC0307;Transformacoes Quimicas;A6;Noturno;Santo Andre;Sexta-feira;19:00;21:00;405-3;semanal;Pratica;Adelaide Faljoni Alario;Bacharelado em Ciencia e Tecnologia
BC0307;Transformacoes Quimicas;A7;Diurno;Santo Andre;Quarta-feira;08:00;10:00;A-103-0;quinzenal II;Teorica;Bruno Lemos Batista;Bacharelado em Ciencia e Tecnologia
BC0307;Transformacoes Quimicas;A7;Diurno;Santo Andre;Sexta-feira;10:00;12:00;A-103-0;semanal;Teorica;Bruno Lemos Batista;Bacharelado em Ciencia e Tecnologia
BC0307;Transformacoes Quimicas;A7;Diurno;Santo Andre;Sexta-feira;08:00;10:00;406-3;semanal;Pratica;Giselle Cerchiaro;Bacharelado em Ciencia e Tecnologia
BC0307;Transformacoes Quimicas;A7;Noturno;Santo Andre;Quarta-feira;19:00;21:00;A-103-0;quinzenal II;Teorica;Bruno Lemos Batista;Bacharelado em Ciencia e Tecnologia
BC0307;Transformacoes Quimicas;A7;Noturno;Santo Andre;Sexta-feira;21:00;23:00;A-103-0;semanal;Teorica;Bruno Lemos Batista;Bacharelado em Ciencia e Tecnologia
BC0307;Transformacoes Quimicas;A7;Noturno;Santo Andre;Sexta-feira;19:00;21:00;406-3;semanal;Pratica;Bruno Lemos Batista;Bacharelado em Ciencia e Tecnologia
BC0307;Transformacoes Quimicas;A8;Diurno;Santo Andre;Quarta-feira;08:00;10:00;A-103-0;quinzenal II;Teorica;Bruno Lemos Batista;Bacharelado em Ciencia e Tecnologia
BC0307;Transformacoes Quimicas;A8;Diurno;Santo Andre;Sexta-feira;10:00;12:00;A-103-0;semanal;Teorica;Bruno Lemos Batista;Bacharelado em Ciencia e Tecnologia
BC0307;Transformacoes Quimicas;A8;Diurno;Santo Andre;Sexta-feira;08:00;10:00;408-3;semanal;Pratica;Paulo de Avila Junior;Bacharelado em Ciencia e Tecnologia
BC0307;Transformacoes Quimicas;A8;Noturno;Santo Andre;Quarta-feira;19:00;21:00;A-103-0;quinzenal II;Teorica;Bruno Lemos Batista;Bacharelado em Ciencia e Tecnologia
BC0307;Transformacoes Quimicas;A8;Noturno;Santo Andre;Sexta-feira;21:00;23:00;A-103-0;semanal;Teorica;Bruno Lemos Batista;Bacharelado em Ciencia e Tecnologia
BC0307;Transformacoes Quimicas;A8;Noturno;Santo Andre;Sexta-feira;19:00;21:00;408-3;semanal;Pratica;Maraisa Goncalves;Bacharelado em Ciencia e Tecnologia
BC0307;Transformacoes Quimicas;A9;Diurno;Santo Andre;Quarta-feira;08:00;10:00;A-103-0;quinzenal II;Teorica;Bruno Lemos Batista;Bacharelado em Ciencia e Tecnologia
BC0307;Transformacoes Quimicas;A9;Diurno;Santo Andre;Sexta-feira;10:00;12:00;A-103-0;semanal;Teorica;Bruno Lemos Batista;Bacharelado em Ciencia e Tecnologia
BC0307;Transformacoes Quimicas;A9;Diurno;Santo Andre;Sexta-feira;08:00;10:00;501-1;semanal;Pratica;Gustavo Morari do Nascimento;Bacharelado em Ciencia e Tecnologia
BC0307;Transformacoes Quimicas;A9;Noturno;Santo Andre;Quarta-feira;19:00;21:00;A-103-0;quinzenal II;Teorica;Bruno Lemos Batista;Bacharelado em Ciencia e Tecnologia
BC0307;Transformacoes Quimicas;A9;Noturno;Santo Andre;Sexta-feira;21:00;23:00;A-103-0;semanal;Teorica;Bruno Lemos Batista;Bacharelado em Ciencia e Tecnologia
BC0307;Transformacoes Quimicas;A9;Noturno;Santo Andre;Sexta-feira;19:00;21:00;501-1;semanal;Pratica;Gustavo Morari do Nascimento;Bacharelado em Ciencia e Tecnologia
BC0307;Transformacoes Quimicas;B1;Diurno;Santo Andre;Quarta-feira;10:00;12:00;A-104-0;quinzenal II;Teorica;Rodrigo Maghdissian Cordeiro;Bacharelado em Ciencia e Tecnologia
BC0307;Transformacoes Quimicas;B1;Diurno;Santo Andre;Sexta-feira;08:00;10:00;A-104-0;semanal;Teorica;Rodrigo Maghdissian Cordeiro;Bacharelado em Ciencia e Tecnologia
BC0307;Transformacoes Quimicas;B1;Diurno;Santo Andre;Sexta-feira;10:00;12:00;L601;semanal;Pratica;Vani Xavier de Oliveira Junior;Bacharelado em Ciencia e Tecnologia
BC0307;Transformacoes Quimicas;B1;Noturno;Santo Andre;Quarta-feira;21:00;23:00;A-104-0;quinzenal II;Teorica;Hugo Barbosa Suffredini;Bacharelado em Ciencia e Tecnologia
BC0307;Transformacoes Quimicas;B1;Noturno;Santo Andre;Sexta-feira;19:00;21:00;A-104-0;semanal;Teorica;Hugo Barbosa Suffredini;Bacharelado em Ciencia e Tecnologia
BC0307;Transformacoes Quimicas;B1;Noturno;Santo Andre;Sexta-feira;21:00;23:00;L601;semanal;Pratica;Rodrigo Maghdissian Cordeiro;Bacharelado em Ciencia e Tecnologia
BC0307;Transformacoes Quimicas;B2;Diurno;Santo Andre;Quarta-feira;10:00;12:00;A-104-0;quinzenal II;Teorica;Rodrigo Maghdissian Cordeiro;Bacharelado em Ciencia e Tecnologia
BC0307;Transformacoes Quimicas;B2;Diurno;Santo Andre;Sexta-feira;08:00;10:00;A-104-0;semanal;Teorica;Rodrigo Maghdissian Cordeiro;Bacharelado em Ciencia e Tecnologia
BC0307;Transformacoes Quimicas;B2;Diurno;Santo Andre;Sexta-feira;10:00;12:00;L602;semanal;Pratica;Anderson Orzari Ribeiro;Bacharelado em Ciencia e Tecnologia
BC0307;Transformacoes Quimicas;B2;Noturno;Santo Andre;Quarta-feira;21:00;23:00;A-104-0;quinzenal II;Teorica;Hugo Barbosa Suffredini;Bacharelado em Ciencia e Tecnologia
BC0307;Transformacoes Quimicas;B2;Noturno;Santo Andre;Sexta-feira;19:00;21:00;A-104-0;semanal;Teorica;Hugo Barbosa Suffredini;Bacharelado em Ciencia e Tecnologia
BC0307;Transformacoes Quimicas;B2;Noturno;Santo Andre;Sexta-feira;21:00;23:00;L602;semanal;Pratica;Angela Albuquerque Teixeira Neto ;Bacharelado em Ciencia e Tecnologia
BC0307;Transformacoes Quimicas;B3;Diurno;Santo Andre;Quarta-feira;10:00;12:00;A-104-0;quinzenal II;Teorica;Rodrigo Maghdissian Cordeiro;Bacharelado em Ciencia e Tecnologia
BC0307;Transformacoes Quimicas;B3;Diurno;Santo Andre;Sexta-feira;08:00;10:00;A-104-0;semanal;Teorica;Rodrigo Maghdissian Cordeiro;Bacharelado em Ciencia e Tecnologia
BC0307;Transformacoes Quimicas;B3;Diurno;Santo Andre;Sexta-feira;10:00;12:00;L605;semanal;Pratica;Ivanise Gaubeur;Bacharelado em Ciencia e Tecnologia
BC0307;Transformacoes Quimicas;B3;Noturno;Santo Andre;Quarta-feira;21:00;23:00;A-104-0;quinzenal II;Teorica;Hugo Barbosa Suffredini;Bacharelado em Ciencia e Tecnologia
BC0307;Transformacoes Quimicas;B3;Noturno;Santo Andre;Sexta-feira;19:00;21:00;A-104-0;semanal;Teorica;Hugo Barbosa Suffredini;Bacharelado em Ciencia e Tecnologia
BC0307;Transformacoes Quimicas;B3;Noturno;Santo Andre;Sexta-feira;21:00;23:00;L605;semanal;Pratica;Dalmo Mandelli;Bacharelado em Ciencia e Tecnologia
BC0307;Transformacoes Quimicas;B4;Diurno;Santo Andre;Quarta-feira;10:00;12:00;A-105-0;quinzenal II;Teorica;Luiz Francisco Monteiro Leite Ciscato;Bacharelado em Ciencia e Tecnologia
BC0307;Transformacoes Quimicas;B4;Diurno;Santo Andre;Sexta-feira;08:00;10:00;A-105-0;semanal;Teorica;Luiz Francisco Monteiro Leite Ciscato;Bacharelado em Ciencia e Tecnologia
BC0307;Transformacoes Quimicas;B4;Diurno;Santo Andre;Sexta-feira;10:00;12:00;L606;semanal;Pratica;Heloisa Franca Maltez;Bacharelado em Ciencia e Tecnologia
BC0307;Transformacoes Quimicas;B4;Noturno;Santo Andre;Quarta-feira;21:00;23:00;A-105-0;quinzenal II;Teorica;Anderson Orzari Ribeiro;Bacharelado em Ciencia e Tecnologia
BC0307;Transformacoes Quimicas;B4;Noturno;Santo Andre;Sexta-feira;19:00;21:00;A-105-0;semanal;Teorica;Anderson Orzari Ribeiro;Bacharelado em Ciencia e Tecnologia
BC0307;Transformacoes Quimicas;B4;Noturno;Santo Andre;Sexta-feira;21:00;23:00;L606;semanal;Pratica;Viviane Viana Silva;Bacharelado em Ciencia e Tecnologia
BC0307;Transformacoes Quimicas;B5;Diurno;Santo Andre;Quarta-feira;10:00;12:00;A-105-0;quinzenal II;Teorica;Luiz Francisco Monteiro Leite Ciscato;Bacharelado em Ciencia e Tecnologia
BC0307;Transformacoes Quimicas;B5;Diurno;Santo Andre;Sexta-feira;08:00;10:00;A-105-0;semanal;Teorica;Luiz Francisco Monteiro Leite Ciscato;Bacharelado em Ciencia e Tecnologia
BC0307;Transformacoes Quimicas;B5;Diurno;Santo Andre;Sexta-feira;10:00;12:00;404-3;semanal;Pratica;Patricia Dantoni Alnis Bezerra;Bacharelado em Ciencia e Tecnologia
BC0307;Transformacoes Quimicas;B5;Noturno;Santo Andre;Quarta-feira;21:00;23:00;A-105-0;quinzenal II;Teorica;Anderson Orzari Ribeiro;Bacharelado em Ciencia e Tecnologia
BC0307;Transformacoes Quimicas;B5;Noturno;Santo Andre;Sexta-feira;19:00;21:00;A-105-0;semanal;Teorica;Anderson Orzari Ribeiro;Bacharelado em Ciencia e Tecnologia
BC0307;Transformacoes Quimicas;B5;Noturno;Santo Andre;Sexta-feira;21:00;23:00;404-3;semanal;Pratica;Mariselma Ferreira;Bacharelado em Ciencia e Tecnologia
BC0307;Transformacoes Quimicas;B6;Diurno;Santo Andre;Quarta-feira;10:00;12:00;A-105-0;quinzenal II;Teorica;Luiz Francisco Monteiro Leite Ciscato;Bacharelado em Ciencia e Tecnologia
BC0307;Transformacoes Quimicas;B6;Diurno;Santo Andre;Sexta-feira;08:00;10:00;A-105-0;semanal;Teorica;Luiz Francisco Monteiro Leite Ciscato;Bacharelado em Ciencia e Tecnologia
BC0307;Transformacoes Quimicas;B6;Diurno;Santo Andre;Sexta-feira;10:00;12:00;405-3;semanal;Pratica;Maraisa Goncalves;Bacharelado em Ciencia e Tecnologia
BC0307;Transformacoes Quimicas;B6;Noturno;Santo Andre;Quarta-feira;21:00;23:00;A-105-0;quinzenal II;Teorica;Anderson Orzari Ribeiro;Bacharelado em Ciencia e Tecnologia
BC0307;Transformacoes Quimicas;B6;Noturno;Santo Andre;Sexta-feira;19:00;21:00;A-105-0;semanal;Teorica;Anderson Orzari Ribeiro;Bacharelado em Ciencia e Tecnologia
BC0307;Transformacoes Quimicas;B6;Noturno;Santo Andre;Sexta-feira;21:00;23:00;405-3;semanal;Pratica;Adelaide Faljoni Alario;Bacharelado em Ciencia e Tecnologia
BC1425;Algebra Linear;A;Diurno;Sao Bernardo do Campo;Segunda-feira;10:00;12:00;A1-S206-SB;semanal;Teorica;Jair Donadelli Junior;Bacharelado em Ciencia da Computacao
BC1425;Algebra Linear;A;Diurno;Sao Bernardo do Campo;Quarta-feira;08:00;10:00;A1-S206-SB;semanal;Teorica;Jair Donadelli Junior;Bacharelado em Ciencia da Computacao
BC1425;Algebra Linear;A;Diurno;Sao Bernardo do Campo;Sexta-feira;10:00;12:00;A1-S206-SB;semanal;Teorica;Jair Donadelli Junior;Bacharelado em Ciencia da Computacao
BC1425;Algebra Linear;A;Noturno;Sao Bernardo do Campo;Segunda-feira;21:00;23:00;A2-S201-SB;semanal;Teorica;Bruno Learth Soares;Bacharelado em Ciencia da Computacao
BC1425;Algebra Linear;A;Noturno;Sao Bernardo do Campo;Quarta-feira;19:00;21:00;A2-S201-SB;semanal;Teorica;Bruno Learth Soares;Bacharelado em Ciencia da Computacao
BC1425;Algebra Linear;A;Noturno;Sao Bernardo do Campo;Sexta-feira;21:00;23:00;A2-S201-SB;semanal;Teorica;Bruno Learth Soares;Bacharelado em Ciencia da Computacao
BC0005;Bases Computacionais da Ciencia;A;Diurno;Sao Bernardo do Campo;Segunda-feira;14:00;16:00;A1-L001-SB;semanal;Pratica;Wagner Tanaka Botelho;Bacharelado em Ciencia e Tecnologia
BC0005;Bases Computacionais da Ciencia;A;Noturno;Sao Bernardo do Campo;Segunda-feira;17:00;19:00;A1-L001-SB;semanal;Pratica;Wagner Tanaka Botelho;Bacharelado em Ciencia e Tecnologia
BC0005;Bases Computacionais da Ciencia;B;Noturno;Sao Bernardo do Campo;Quarta-feira;17:00;19:00;A1-L001-SB;semanal;Pratica;Wagner Tanaka Botelho;Bacharelado em Ciencia e Tecnologia
BC0004;Bases Epistemologicas da Ciencia Moderna;A1;Diurno;Sao Bernardo do Campo;Sexta-feira;09:00;12:00;B-A001-SB;semanal;Teorica;Luciana Zaterka;Bacharelado em Ciencia e Tecnologia
BC0004;Bases Epistemologicas da Ciencia Moderna;A1;Noturno;Sao Bernardo do Campo;Sexta-feira;19:00;22:00;A1-S203-SB;semanal;Teorica;Monique Hulshof;Bacharelado em Ciencia e Tecnologia
BC0004;Bases Epistemologicas da Ciencia Moderna;A2;Diurno;Sao Bernardo do Campo;Sexta-feira;09:00;12:00;B-A002-SB;semanal;Teorica;Anderson de Araujo;Bacharelado em Ciencia e Tecnologia
BC0004;Bases Epistemologicas da Ciencia Moderna;A2;Noturno;Sao Bernardo do Campo;Sexta-feira;19:00;22:00;A1-S204-SB;semanal;Teorica;Anderson de Araujo;Bacharelado em Ciencia e Tecnologia
BC0004;Bases Epistemologicas da Ciencia Moderna;B;Diurno;Sao Bernardo do Campo;Terca-feira;08:00;10:00;A2-S101-SB;semanal;Teorica;Fernando Costa Mattos;Bacharelado em Ciencia e Tecnologia
BC0004;Bases Epistemologicas da Ciencia Moderna;B;Diurno;Sao Bernardo do Campo;Quinta-feira;08:00;10:00;A2-S101-SB;quinzenal I;Teorica;Fernando Costa Mattos;Bacharelado em Ciencia e Tecnologia
BC0004;Bases Epistemologicas da Ciencia Moderna;B;Noturno;Sao Bernardo do Campo;Terca-feira;19:00;21:00;A2-S101-SB;semanal;Teorica;Luciana Zaterka;Bacharelado em Ciencia e Tecnologia
BC0004;Bases Epistemologicas da Ciencia Moderna;B;Noturno;Sao Bernardo do Campo;Quinta-feira;19:00;21:00;A2-S101-SB;quinzenal I;Teorica;Luciana Zaterka;Bacharelado em Ciencia e Tecnologia
BC0003;Bases Matematicas;A;Noturno;Sao Bernardo do Campo;Segunda-feira;19:00;21:00;A1-S201-SB;semanal;Teorica;Fabiano Gustavo Braga Brito;Bacharelado em Ciencia e Tecnologia
BC0003;Bases Matematicas;A;Noturno;Sao Bernardo do Campo;Quarta-feira;21:00;23:00;A1-S201-SB;semanal;Teorica;Fabiano Gustavo Braga Brito;Bacharelado em Ciencia e Tecnologia
BC1419;Calculo Numerico;A;Diurno;Sao Bernardo do Campo;Segunda-feira;14:00;16:00;A2-S201-SB;semanal;Teorica;Andre Ricardo Oliveira da Fonseca;Bacharelado em Ciencia da Computacao
BC1419;Calculo Numerico;A;Diurno;Sao Bernardo do Campo;Quarta-feira;14:00;16:00;A2-S201-SB;semanal;Teorica;Andre Ricardo Oliveira da Fonseca;Bacharelado em Ciencia da Computacao
BC1419;Calculo Numerico;A;Noturno;Sao Bernardo do Campo;Segunda-feira;19:00;21:00;A2-S201-SB;semanal;Teorica;Valerio Ramos Batista;Bacharelado em Ciencia da Computacao
BC1419;Calculo Numerico;A;Noturno;Sao Bernardo do Campo;Quarta-feira;21:00;23:00;A2-S201-SB;semanal;Teorica;Valerio Ramos Batista;Bacharelado em Ciencia da Computacao
BC0603;Ciencia Tecnologia e Sociedade;A;Noturno;Sao Bernardo do Campo;Terca-feira;19:00;21:00;A1-S202-SB;semanal;Teorica;Adalberto Mantovani Martiniano de Azevedo;Bacharelado em Ciencia e Tecnologia
BC0603;Ciencia Tecnologia e Sociedade;A;Noturno;Sao Bernardo do Campo;Quinta-feira;19:00;21:00;A2-S102-SB;quinzenal I;Teorica;Adalberto Mantovani Martiniano de Azevedo;Bacharelado em Ciencia e Tecnologia
BC0603;Ciencia Tecnologia e Sociedade;B;Diurno;Sao Bernardo do Campo;Terca-feira;10:00;12:00;A1-S201-SB;semanal;Teorica;Arilson da Silva Favareto;Bacharelado em Ciencia e Tecnologia
BC0603;Ciencia Tecnologia e Sociedade;B;Diurno;Sao Bernardo do Campo;Quinta-feira;10:00;12:00;A2-S101-SB;quinzenal I;Teorica;Arilson da Silva Favareto;Bacharelado em Ciencia e Tecnologia
BC0603;Ciencia Tecnologia e Sociedade;B;Noturno;Sao Bernardo do Campo;Terca-feira;21:00;23:00;A1-S201-SB;semanal;Teorica;Elias David Morales Martinez;Bacharelado em Ciencia e Tecnologia
BC0603;Ciencia Tecnologia e Sociedade;B;Noturno;Sao Bernardo do Campo;Quinta-feira;21:00;23:00;A2-S101-SB;quinzenal I;Teorica;Elias David Morales Martinez;Bacharelado em Ciencia e Tecnologia
BC0506;Comunicacao e Redes;A;Diurno;Sao Bernardo do Campo;Segunda-feira;10:00;12:00;A2-S101-SB;semanal;Teorica;Aline de Oliveira Neves Panazio;Bacharelado em Ciencia da Computacao
BC0506;Comunicacao e Redes;A;Diurno;Sao Bernardo do Campo;Quarta-feira;08:00;10:00;A2-S101-SB;quinzenal I;Teorica;Aline de Oliveira Neves Panazio;Bacharelado em Ciencia da Computacao
BC0506;Comunicacao e Redes;A;Noturno;Sao Bernardo do Campo;Segunda-feira;21:00;23:00;A2-S101-SB;semanal;Teorica;Marina Sparvoli de Medeiros;Bacharelado em Ciencia da Computacao
BC0506;Comunicacao e Redes;A;Noturno;Sao Bernardo do Campo;Quarta-feira;19:00;21:00;A2-S101-SB;quinzenal I;Teorica;Marina Sparvoli de Medeiros;Bacharelado em Ciencia da Computacao
BC0207;Energia: Origens Conversao e Uso;A;Diurno;Sao Bernardo do Campo;Terca-feira;10:00;12:00;A2-S106-SB;semanal;Teorica;Flavia Camargo Alves Figueiredo;Bacharelado em Ciencia e Tecnologia
BC0207;Energia: Origens Conversao e Uso;A;Noturno;Sao Bernardo do Campo;Terca-feira;21:00;23:00;A2-S104-SB;semanal;Teorica;Flavia Camargo Alves Figueiredo;Bacharelado em Ciencia e Tecnologia
BC0102;Estrutura da Materia;A;Diurno;Sao Bernardo do Campo;Terca-feira;10:00;11:30;A1-S203-SB;semanal;Teorica;Gustavo Morari do Nascimento;Bacharelado em Ciencia e Tecnologia
BC0102;Estrutura da Materia;A;Diurno;Sao Bernardo do Campo;Quinta-feira;08:30;10:00;A1-S203-SB;semanal;Teorica;Gustavo Morari do Nascimento;Bacharelado em Ciencia e Tecnologia
BC0102;Estrutura da Materia;A;Noturno;Sao Bernardo do Campo;Terca-feira;19:30;21:00;A1-S203-SB;semanal;Teorica;Gustavo Morari do Nascimento;Bacharelado em Ciencia e Tecnologia
BC0102;Estrutura da Materia;A;Noturno;Sao Bernardo do Campo;Quinta-feira;21:00;22:30;A1-S203-SB;semanal;Teorica;Gustavo Morari do Nascimento;Bacharelado em Ciencia e Tecnologia
BC0102;Estrutura da Materia;B;Diurno;Sao Bernardo do Campo;Terca-feira;08:30;10:00;A1-S203-SB;semanal;Teorica;Marcelo Oliveira da Costa Pires;Bacharelado em Ciencia e Tecnologia
BC0102;Estrutura da Materia;B;Diurno;Sao Bernardo do Campo;Quinta-feira;10:00;11:30;A1-S203-SB;semanal;Teorica;Marcelo Oliveira da Costa Pires;Bacharelado em Ciencia e Tecnologia
BC0102;Estrutura da Materia;B;Noturno;Sao Bernardo do Campo;Terca-feira;21:00;22:30;A1-S203-SB;semanal;Teorica;Wagner Alves Carvalho;Bacharelado em Ciencia e Tecnologia
BC0102;Estrutura da Materia;B;Noturno;Sao Bernardo do Campo;Quinta-feira;19:30;21:00;A1-S203-SB;semanal;Teorica;Wagner Alves Carvalho;Bacharelado em Ciencia e Tecnologia
BC0102;Estrutura da Materia;C;Noturno;Sao Bernardo do Campo;Terca-feira;19:30;21:00;A1-S204-SB;semanal;Teorica;Wagner Alves Carvalho;Bacharelado em Ciencia e Tecnologia
BC0102;Estrutura da Materia;C;Noturno;Sao Bernardo do Campo;Quinta-feira;21:00;22:30;A1-S204-SB;semanal;Teorica;Wagner Alves Carvalho;Bacharelado em Ciencia e Tecnologia
BC0602;Estrutura e Dinamica Social;A;Diurno;Sao Bernardo do Campo;Terca-feira;08:00;10:00;A1-S201-SB;semanal;Teorica;Camila Caldeira Nunes Dias;Bacharelado em Ciencia e Tecnologia
BC0602;Estrutura e Dinamica Social;A;Diurno;Sao Bernardo do Campo;Quinta-feira;08:00;10:00;A1-S202-SB;quinzenal I;Teorica;Camila Caldeira Nunes Dias;Bacharelado em Ciencia e Tecnologia
BC0602;Estrutura e Dinamica Social;A;Noturno;Sao Bernardo do Campo;Terca-feira;19:00;21:00;A1-S201-SB;semanal;Teorica;Alan Vendrame;Bacharelado em Ciencia e Tecnologia
BC0602;Estrutura e Dinamica Social;A;Noturno;Sao Bernardo do Campo;Quinta-feira;19:00;21:00;A1-S202-SB;quinzenal I;Teorica;Alan Vendrame;Bacharelado em Ciencia e Tecnologia
BC0602;Estrutura e Dinamica Social;B;Noturno;Sao Bernardo do Campo;Terca-feira;21:00;23:00;A1-S202-SB;semanal;Teorica;Julia Bertino Moreira;Bacharelado em Ciencia e Tecnologia
BC0602;Estrutura e Dinamica Social;B;Noturno;Sao Bernardo do Campo;Quinta-feira;21:00;23:00;A1-S201-SB;quinzenal I;Teorica;Julia Bertino Moreira;Bacharelado em Ciencia e Tecnologia
BC0208;Fenomenos Mecanicos;A1;Diurno;Sao Bernardo do Campo;Terca-feira;16:00;18:00;A2-S105-SB;semanal;Teorica;Antonio Alvaro Ranha Neves;Bacharelado em Ciencia e Tecnologia
BC0208;Fenomenos Mecanicos;A1;Diurno;Sao Bernardo do Campo;Quinta-feira;16:00;18:00;A2-S105-SB;semanal;Teorica;Antonio Alvaro Ranha Neves;Bacharelado em Ciencia e Tecnologia
BC0208;Fenomenos Mecanicos;A1;Diurno;Sao Bernardo do Campo;Terca-feira;14:00;16:00;A1-L303-SB;quinzenal I;Pratica;Antonio Alvaro Ranha Neves;Bacharelado em Ciencia e Tecnologia
BC0208;Fenomenos Mecanicos;A1;Noturno;Sao Bernardo do Campo;Terca-feira;21:00;23:00;A2-S105-SB;semanal;Teorica;Gustavo Michel Mendoza La Torre;Bacharelado em Ciencia e Tecnologia
BC0208;Fenomenos Mecanicos;A1;Noturno;Sao Bernardo do Campo;Quinta-feira;21:00;23:00;A2-S105-SB;semanal;Teorica;Gustavo Michel Mendoza La Torre;Bacharelado em Ciencia e Tecnologia
BC0208;Fenomenos Mecanicos;A1;Noturno;Sao Bernardo do Campo;Terca-feira;19:00;21:00;A1-L303-SB;quinzenal I;Pratica;Breno Arsioli Moura;Bacharelado em Ciencia e Tecnologia
BC0208;Fenomenos Mecanicos;A2;Diurno;Sao Bernardo do Campo;Terca-feira;16:00;18:00;A2-S105-SB;semanal;Teorica;Antonio Alvaro Ranha Neves;Bacharelado em Ciencia e Tecnologia
BC0208;Fenomenos Mecanicos;A2;Diurno;Sao Bernardo do Campo;Quinta-feira;16:00;18:00;A2-S105-SB;semanal;Teorica;Antonio Alvaro Ranha Neves;Bacharelado em Ciencia e Tecnologia
BC0208;Fenomenos Mecanicos;A2;Diurno;Sao Bernardo do Campo;Terca-feira;14:00;16:00;A1-L303-SB;quinzenal II;Pratica;Antonio Alvaro Ranha Neves ;Bacharelado em Ciencia e Tecnologia
BC0208;Fenomenos Mecanicos;A2;Noturno;Sao Bernardo do Campo;Terca-feira;21:00;23:00;A2-S105-SB;semanal;Teorica;Gustavo Michel Mendoza La Torre;Bacharelado em Ciencia e Tecnologia
BC0208;Fenomenos Mecanicos;A2;Noturno;Sao Bernardo do Campo;Quinta-feira;21:00;23:00;A2-S105-SB;semanal;Teorica;Gustavo Michel Mendoza La Torre;Bacharelado em Ciencia e Tecnologia
BC0208;Fenomenos Mecanicos;A2;Noturno;Sao Bernardo do Campo;Terca-feira;19:00;21:00;A1-L303-SB;quinzenal II;Pratica;Breno Arsioli Moura;Bacharelado em Ciencia e Tecnologia
BC0208;Fenomenos Mecanicos;A3;Diurno;Sao Bernardo do Campo;Terca-feira;16:00;18:00;A2-S105-SB;semanal;Teorica;Antonio Alvaro Ranha Neves;Bacharelado em Ciencia e Tecnologia
BC0208;Fenomenos Mecanicos;A3;Diurno;Sao Bernardo do Campo;Quinta-feira;16:00;18:00;A2-S105-SB;semanal;Teorica;Antonio Alvaro Ranha Neves;Bacharelado em Ciencia e Tecnologia
BC0208;Fenomenos Mecanicos;A3;Diurno;Sao Bernardo do Campo;Terca-feira;14:00;16:00;A1-L304-SB;quinzenal I;Pratica;Marcelo Zanotello;Bacharelado em Ciencia e Tecnologia
BC0205;Fenomenos Termicos;A1;Diurno;Sao Bernardo do Campo;Terca-feira;10:00;12:00;A2-S101-SB;semanal;Teorica;Romarly Fernandes da Costa;Bacharelado em Ciencia e Tecnologia
BC0205;Fenomenos Termicos;A1;Diurno;Sao Bernardo do Campo;Quinta-feira;08:00;10:00;A2-S101-SB;quinzenal II;Teorica;Romarly Fernandes da Costa;Bacharelado em Ciencia e Tecnologia
BC0205;Fenomenos Termicos;A1;Diurno;Sao Bernardo do Campo;Quinta-feira;10:00;12:00;A1-L303-SB;quinzenal I;Pratica;Romarly Fernandes da Costa;Bacharelado em Ciencia e Tecnologia
BC0205;Fenomenos Termicos;A1;Noturno;Sao Bernardo do Campo;Terca-feira;21:00;23:00;A2-S101-SB;semanal;Teorica;German Lugones;Bacharelado em Ciencia e Tecnologia
BC0205;Fenomenos Termicos;A1;Noturno;Sao Bernardo do Campo;Quinta-feira;19:00;21:00;A2-S101-SB;quinzenal II;Teorica;German Lugones;Bacharelado em Ciencia e Tecnologia
BC0205;Fenomenos Termicos;A1;Noturno;Sao Bernardo do Campo;Quinta-feira;21:00;23:00;A1-L303-SB;quinzenal I;Pratica;German Lugones;Bacharelado em Ciencia e Tecnologia
BC0205;Fenomenos Termicos;A2;Diurno;Sao Bernardo do Campo;Terca-feira;10:00;12:00;A2-S101-SB;semanal;Teorica;Romarly Fernandes da Costa;Bacharelado em Ciencia e Tecnologia
BC0205;Fenomenos Termicos;A2;Diurno;Sao Bernardo do Campo;Quinta-feira;08:00;10:00;A2-S101-SB;quinzenal II;Teorica;Romarly Fernandes da Costa;Bacharelado em Ciencia e Tecnologia
BC0205;Fenomenos Termicos;A2;Diurno;Sao Bernardo do Campo;Quinta-feira;10:00;12:00;A1-L303-SB;quinzenal II;Pratica;Romarly Fernandes da Costa;Bacharelado em Ciencia e Tecnologia
BC0205;Fenomenos Termicos;A2;Noturno;Sao Bernardo do Campo;Terca-feira;21:00;23:00;A2-S101-SB;semanal;Teorica;German Lugones;Bacharelado em Ciencia e Tecnologia
BC0205;Fenomenos Termicos;A2;Noturno;Sao Bernardo do Campo;Quinta-feira;19:00;21:00;A2-S101-SB;quinzenal II;Teorica;German Lugones;Bacharelado em Ciencia e Tecnologia
BC0205;Fenomenos Termicos;A2;Noturno;Sao Bernardo do Campo;Quinta-feira;21:00;23:00;A1-L303-SB;quinzenal II;Pratica;German Lugones;Bacharelado em Ciencia e Tecnologia
BC0205;Fenomenos Termicos;A3;Diurno;Sao Bernardo do Campo;Terca-feira;10:00;12:00;A2-S101-SB;semanal;Teorica;Romarly Fernandes da Costa;Bacharelado em Ciencia e Tecnologia
BC0205;Fenomenos Termicos;A3;Diurno;Sao Bernardo do Campo;Quinta-feira;08:00;10:00;A2-S101-SB;quinzenal II;Teorica;Romarly Fernandes da Costa;Bacharelado em Ciencia e Tecnologia
BC0205;Fenomenos Termicos;A3;Diurno;Sao Bernardo do Campo;Quinta-feira;10:00;12:00;A1-L304-SB;quinzenal I;Pratica;Luciano Soares da Cruz;Bacharelado em Ciencia e Tecnologia
BC0205;Fenomenos Termicos;A3;Noturno;Sao Bernardo do Campo;Terca-feira;21:00;23:00;A2-S101-SB;semanal;Teorica;German Lugones;Bacharelado em Ciencia e Tecnologia
BC0205;Fenomenos Termicos;A3;Noturno;Sao Bernardo do Campo;Quinta-feira;19:00;21:00;A2-S101-SB;quinzenal II;Teorica;German Lugones;Bacharelado em Ciencia e Tecnologia
BC0205;Fenomenos Termicos;A3;Noturno;Sao Bernardo do Campo;Quinta-feira;21:00;23:00;A1-L304-SB;quinzenal I;Pratica;Jean Jacques Bonvent;Bacharelado em Ciencia e Tecnologia
BC0103;Fisica Quantica;A;Noturno;Sao Bernardo do Campo;Terca-feira;19:00;21:00;A2-S106-SB;semanal;Teorica;Marcos de Abreu Avila;Bacharelado em Ciencia e Tecnologia
BC0103;Fisica Quantica;A;Noturno;Sao Bernardo do Campo;Quinta-feira;21:00;23:00;A2-S106-SB;quinzenal II;Teorica;Marcos de Abreu Avila;Bacharelado em Ciencia e Tecnologia
BC0402;Funcoes de Uma Variavel;A;Diurno;Sao Bernardo do Campo;Segunda-feira;08:00;10:00;A2-S105-SB;semanal;Teorica;Marina Sparvoli de Medeiros;Bacharelado em Ciencia e Tecnologia
BC0402;Funcoes de Uma Variavel;A;Diurno;Sao Bernardo do Campo;Quarta-feira;10:00;12:00;A2-S105-SB;semanal;Teorica;Marina Sparvoli de Medeiros;Bacharelado em Ciencia e Tecnologia
BC0402;Funcoes de Uma Variavel;A;Noturno;Sao Bernardo do Campo;Segunda-feira;19:00;21:00;A2-S105-SB;semanal;Teorica;Fabiano Gustavo Braga Brito;Bacharelado em Ciencia e Tecnologia
BC0402;Funcoes de Uma Variavel;A;Noturno;Sao Bernardo do Campo;Quarta-feira;21:00;23:00;A2-S105-SB;semanal;Teorica;Fabiano Gustavo Braga Brito;Bacharelado em Ciencia e Tecnologia
BC0402;Funcoes de Uma Variavel;B;Noturno;Sao Bernardo do Campo;Segunda-feira;21:00;23:00;A2-S104-SB;semanal;Teorica;Fabiano Gustavo Braga Brito;Bacharelado em Ciencia e Tecnologia
BC0402;Funcoes de Uma Variavel;B;Noturno;Sao Bernardo do Campo;Quarta-feira;19:00;21:00;A1-S201-SB;semanal;Teorica;Fabiano Gustavo Braga Brito;Bacharelado em Ciencia e Tecnologia
BC0407;Funcoes de Varias Variaveis;A;Diurno;Sao Bernardo do Campo;Segunda-feira;08:00;10:00;A2-S101-SB;semanal;Teorica;Alexandr Kornev;Bacharelado em Ciencia e Tecnologia
BC0407;Funcoes de Varias Variaveis;A;Diurno;Sao Bernardo do Campo;Quarta-feira;10:00;12:00;A2-S101-SB;semanal;Teorica;Alexandr Kornev;Bacharelado em Ciencia e Tecnologia
BC0407;Funcoes de Varias Variaveis;A;Noturno;Sao Bernardo do Campo;Segunda-feira;19:00;21:00;A2-S101-SB;semanal;Teorica;Alexandr Kornev;Bacharelado em Ciencia e Tecnologia
BC0407;Funcoes de Varias Variaveis;A;Noturno;Sao Bernardo do Campo;Quarta-feira;21:00;23:00;A2-S101-SB;semanal;Teorica;Alexandr Kornev;Bacharelado em Ciencia e Tecnologia
BC0407;Funcoes de Varias Variaveis;B;Diurno;Sao Bernardo do Campo;Segunda-feira;10:00;12:00;A2-S102-SB;semanal;Teorica;Alexandr Kornev;Bacharelado em Ciencia e Tecnologia
BC0407;Funcoes de Varias Variaveis;B;Diurno;Sao Bernardo do Campo;Quarta-feira;08:00;10:00;A2-S102-SB;semanal;Teorica;Alexandr Kornev;Bacharelado em Ciencia e Tecnologia
BC0407;Funcoes de Varias Variaveis;B;Noturno;Sao Bernardo do Campo;Segunda-feira;21:00;23:00;A2-S102-SB;semanal;Teorica;Alexandr Kornev;Bacharelado em Ciencia e Tecnologia
BC0407;Funcoes de Varias Variaveis;B;Noturno;Sao Bernardo do Campo;Quarta-feira;19:00;21:00;A2-S102-SB;semanal;Teorica;Alexandr Kornev;Bacharelado em Ciencia e Tecnologia
BC0404;Geometria Analitica;A;Noturno;Sao Bernardo do Campo;Segunda-feira;19:00;21:00;A1-S206-SB;semanal;Teorica;Bruno Learth Soares;Bacharelado em Ciencia e Tecnologia
BC0404;Geometria Analitica;A;Noturno;Sao Bernardo do Campo;Quarta-feira;21:00;23:00;A1-S206-SB;quinzenal I;Teorica;Bruno Learth Soares;Bacharelado em Ciencia e Tecnologia
BC0104;Interacoes Atomicas e Moleculares;A;Diurno;Sao Bernardo do Campo;Segunda-feira;10:00;12:00;A1-S201-SB;quinzenal I;Teorica;Luciano Soares da Cruz;Bacharelado em Ciencia e Tecnologia
BC0104;Interacoes Atomicas e Moleculares;A;Diurno;Sao Bernardo do Campo;Quinta-feira;08:00;10:00;A1-S201-SB;semanal;Teorica;Luciano Soares da Cruz;Bacharelado em Ciencia e Tecnologia
BC0104;Interacoes Atomicas e Moleculares;A;Noturno;Sao Bernardo do Campo;Segunda-feira;21:00;23:00;A1-S201-SB;quinzenal I;Teorica;Ronei Miotto;Bacharelado em Ciencia e Tecnologia
BC0104;Interacoes Atomicas e Moleculares;A;Noturno;Sao Bernardo do Campo;Quinta-feira;19:00;21:00;A1-S201-SB;semanal;Teorica;Ronei Miotto;Bacharelado em Ciencia e Tecnologia
BC0104;Interacoes Atomicas e Moleculares;B;Noturno;Sao Bernardo do Campo;Segunda-feira;19:00;21:00;A1-S202-SB;quinzenal I;Teorica;Ronei Miotto;Bacharelado em Ciencia e Tecnologia
BC0104;Interacoes Atomicas e Moleculares;B;Noturno;Sao Bernardo do Campo;Quinta-feira;21:00;23:00;A1-S202-SB;semanal;Teorica;Ronei Miotto;Bacharelado em Ciencia e Tecnologia
BC0406;Introducao a Probabilidade e a Estatistica;A1;Diurno;Sao Bernardo do Campo;Segunda-feira;08:30;10:00;A1-S204-SB;semanal;Teorica;Andre Ricardo Oliveira da Fonseca;Bacharelado em Ciencia e Tecnologia
BC0406;Introducao a Probabilidade e a Estatistica;A1;Diurno;Sao Bernardo do Campo;Quarta-feira;10:00;11:30;A1-S204-SB;semanal;Teorica;Andre Ricardo Oliveira da Fonseca;Bacharelado em Ciencia e Tecnologia
BC0406;Introducao a Probabilidade e a Estatistica;A1;Noturno;Sao Bernardo do Campo;Segunda-feira;21:00;22:30;A1-S204-SB;semanal;Teorica;Marcelo Salvador Caetano;Bacharelado em Ciencia e Tecnologia
BC0406;Introducao a Probabilidade e a Estatistica;A1;Noturno;Sao Bernardo do Campo;Quarta-feira;19:30;21:00;A1-S204-SB;semanal;Teorica;Marcelo Salvador Caetano;Bacharelado em Ciencia e Tecnologia
BC0406;Introducao a Probabilidade e a Estatistica;A2;Diurno;Sao Bernardo do Campo;Segunda-feira;08:30;10:00;A2-S103-SB;semanal;Teorica;Daniel Morgato Martin;Bacharelado em Ciencia e Tecnologia
BC0406;Introducao a Probabilidade e a Estatistica;A2;Diurno;Sao Bernardo do Campo;Quarta-feira;10:00;11:30;A2-S103-SB;semanal;Teorica;Daniel Morgato Martin;Bacharelado em Ciencia e Tecnologia
BC0406;Introducao a Probabilidade e a Estatistica;A2;Noturno;Sao Bernardo do Campo;Segunda-feira;21:00;22:30;A2-S103-SB;semanal;Teorica;Antonio Sergio Munhoz;Bacharelado em Ciencia e Tecnologia
BC0406;Introducao a Probabilidade e a Estatistica;A2;Noturno;Sao Bernardo do Campo;Quarta-feira;19:30;21:00;A2-S103-SB;semanal;Teorica;Antonio Sergio Munhoz;Bacharelado em Ciencia e Tecnologia
BC0406;Introducao a Probabilidade e a Estatistica;A;Noturno;Sao Bernardo do Campo;Segunda-feira;19:30;21:00;A2-S106-SB;semanal;Teorica;Antonio Sergio Munhoz;Bacharelado em Ciencia e Tecnologia
BC0406;Introducao a Probabilidade e a Estatistica;A;Noturno;Sao Bernardo do Campo;Quarta-feira;21:00;22:30;A2-S106-SB;semanal;Teorica;Antonio Sergio Munhoz;Bacharelado em Ciencia e Tecnologia
BC0406;Introducao a Probabilidade e a Estatistica;B;Diurno;Sao Bernardo do Campo;Segunda-feira;10:00;11:30;A2-S103-SB;semanal;Teorica;Daniel Morgato Martin;Bacharelado em Ciencia e Tecnologia
BC0406;Introducao a Probabilidade e a Estatistica;B;Diurno;Sao Bernardo do Campo;Quarta-feira;08:30;10:00;A2-S103-SB;semanal;Teorica;Daniel Morgato Martin;Bacharelado em Ciencia e Tecnologia
BC0405;Introducao as Equacoes Diferenciais Ordinarias;A;Diurno;Sao Bernardo do Campo;Segunda-feira;10:00;12:00;A1-S202-SB;semanal;Teorica;Vinicius Cifu Lopes;Bacharelado em Ciencia e Tecnologia
BC0405;Introducao as Equacoes Diferenciais Ordinarias;A;Diurno;Sao Bernardo do Campo;Quarta-feira;08:00;10:00;A1-S202-SB;semanal;Teorica;Vinicius Cifu Lopes;Bacharelado em Ciencia e Tecnologia
BC0405;Introducao as Equacoes Diferenciais Ordinarias;A;Noturno;Sao Bernardo do Campo;Segunda-feira;19:00;21:00;A2-S104-SB;semanal;Teorica;Vinicius Cifu Lopes;Bacharelado em Ciencia e Tecnologia
BC0405;Introducao as Equacoes Diferenciais Ordinarias;A;Noturno;Sao Bernardo do Campo;Quarta-feira;21:00;23:00;A2-S104-SB;semanal;Teorica;Vinicius Cifu Lopes;Bacharelado em Ciencia e Tecnologia
BC0504;Natureza da Informacao;A;Diurno;Sao Bernardo do Campo;Segunda-feira;10:00;12:00;A2-S105-SB;semanal;Teorica;Raphael Yokoingawa de Camargo;Bacharelado em Ciencia e Tecnologia
BC0504;Natureza da Informacao;A;Diurno;Sao Bernardo do Campo;Quarta-feira;08:00;10:00;A2-S105-SB;quinzenal II;Teorica;Raphael Yokoingawa de Camargo;Bacharelado em Ciencia e Tecnologia
BC0304;Origem da Vida e Diversidade dos Seres Vivos;A;Noturno;Sao Bernardo do Campo;Quarta-feira;19:00;21:00;A2-S104-SB;quinzenal I;Teorica;Arnaldo Rodrigues dos Santos Junior;Bacharelado em Ciencia e Tecnologia
BC0304;Origem da Vida e Diversidade dos Seres Vivos;A;Noturno;Sao Bernardo do Campo;Sexta-feira;19:00;21:00;A2-S104-SB;semanal;Teorica;Arnaldo Rodrigues dos Santos Junior;Bacharelado em Ciencia e Tecnologia
BC0002;Projeto Dirigido;A;Diurno;Sao Bernardo do Campo;Quarta-feira;08:00;10:00;A1-S201-SB;semanal;Pratica;Cristiane Otero Reis Salum;Bacharelado em Ciencia da Computacao
BC0002;Projeto Dirigido;A;Noturno;Sao Bernardo do Campo;Quarta-feira;19:00;21:00;A1-S202-SB;semanal;Pratica;Paula Ayako Tiba;Bacharelado em Ciencia da Computacao
BC0002;Projeto Dirigido;B;Diurno;Sao Bernardo do Campo;Segunda-feira;14:00;16:00;A2-S202-SB;semanal;Pratica;Silvia Cristina Dotta ;Bacharelado em Ciencia da Computacao
BC0002;Projeto Dirigido;B;Noturno;Sao Bernardo do Campo;Segunda-feira;17:00;19:00;A2-S202-SB;semanal;Pratica;Silvia Cristina Dotta;Bacharelado em Ciencia da Computacao
BC0002;Projeto Dirigido;C;Diurno;Sao Bernardo do Campo;Quinta-feira;14:00;16:00;A2-S202-SB;semanal;Pratica;Cristiane Otero Reis Salum;Bacharelado em Ciencia da Computacao
BC0002;Projeto Dirigido;C;Noturno;Sao Bernardo do Campo;Sabado;10:00;12:00;A2-S202-SB;semanal;Pratica;Silvia Cristina Dotta;Bacharelado em Ciencia da Computacao
BC0306;Transformacoes nos Seres Vivos e Ambiente;A;Diurno;Sao Bernardo do Campo;Quarta-feira;08:00;10:00;A2-S104-SB;quinzenal I;Teorica;Gustavo Muniz Dias;Bacharelado em Ciencia e Tecnologia
BC0306;Transformacoes nos Seres Vivos e Ambiente;A;Diurno;Sao Bernardo do Campo;Sexta-feira;08:00;10:00;A2-S104-SB;semanal;Teorica;Gustavo Muniz Dias;Bacharelado em Ciencia e Tecnologia
BC0306;Transformacoes nos Seres Vivos e Ambiente;B;Diurno;Sao Bernardo do Campo;Sexta-feira;08:00;11:00;A1-S101-SB;semanal;Teorica;Katia Canil;Bacharelado em Ciencia e Tecnologia
BC0306;Transformacoes nos Seres Vivos e Ambiente;B;Noturno;Sao Bernardo do Campo;Sexta-feira;19:00;22:00;A1-S101-SB;semanal;Teorica;Katia Canil;Bacharelado em Ciencia e Tecnologia
BC0307;Transformacoes Quimicas;A1;Diurno;Sao Bernardo do Campo;Quarta-feira;08:00;10:00;A2-S101-SB;quinzenal II;Teorica;Paula Homem de Mello;Bacharelado em Ciencia e Tecnologia
BC0307;Transformacoes Quimicas;A1;Diurno;Sao Bernardo do Campo;Sexta-feira;10:00;12:00;A2-S101-SB;semanal;Teorica;Paula Homem de Mello;Bacharelado em Ciencia e Tecnologia
BC0307;Transformacoes Quimicas;A1;Diurno;Sao Bernardo do Campo;Sexta-feira;08:00;10:00;A1-L301-SB;semanal;Pratica;Dalmo Mandelli;Bacharelado em Ciencia e Tecnologia
BC0307;Transformacoes Quimicas;A1;Noturno;Sao Bernardo do Campo;Quarta-feira;19:00;21:00;A2-S101-SB;quinzenal II;Teorica;Fernando Carlos Giacomelli;Bacharelado em Ciencia e Tecnologia
BC0307;Transformacoes Quimicas;A1;Noturno;Sao Bernardo do Campo;Sexta-feira;21:00;23:00;A2-S101-SB;semanal;Teorica;Fernando Carlos Giacomelli;Bacharelado em Ciencia e Tecnologia
BC0307;Transformacoes Quimicas;A1;Noturno;Sao Bernardo do Campo;Sexta-feira;19:00;21:00;A1-L301-SB;semanal;Pratica;Luiz Francisco Monteiro Leite Ciscato;Bacharelado em Ciencia e Tecnologia
BC0307;Transformacoes Quimicas;A2;Diurno;Sao Bernardo do Campo;Quarta-feira;08:00;10:00;A2-S101-SB;quinzenal II;Teorica;Paula Homem de Mello;Bacharelado em Ciencia e Tecnologia
BC0307;Transformacoes Quimicas;A2;Diurno;Sao Bernardo do Campo;Sexta-feira;10:00;12:00;A2-S101-SB;semanal;Teorica;Paula Homem de Mello;Bacharelado em Ciencia e Tecnologia
BC0307;Transformacoes Quimicas;A2;Diurno;Sao Bernardo do Campo;Sexta-feira;08:00;10:00;A1-L302-SB;semanal;Pratica;Fernando Carlos Giacomelli;Bacharelado em Ciencia e Tecnologia
BC0307;Transformacoes Quimicas;A2;Noturno;Sao Bernardo do Campo;Quarta-feira;19:00;21:00;A2-S101-SB;quinzenal II;Teorica;Fernando Carlos Giacomelli;Bacharelado em Ciencia e Tecnologia
BC0307;Transformacoes Quimicas;A2;Noturno;Sao Bernardo do Campo;Sexta-feira;21:00;23:00;A2-S101-SB;semanal;Teorica;Fernando Carlos Giacomelli;Bacharelado em Ciencia e Tecnologia
BC0307;Transformacoes Quimicas;A2;Noturno;Sao Bernardo do Campo;Sexta-feira;19:00;21:00;A1-L302-SB;semanal;Pratica;Leonardo Jose Steil;Bacharelado em Ciencia e Tecnologia
BC0307;Transformacoes Quimicas;A3;Diurno;Sao Bernardo do Campo;Quarta-feira;08:00;10:00;A2-S101-SB;quinzenal II;Teorica;Paula Homem de Mello;Bacharelado em Ciencia e Tecnologia
BC0307;Transformacoes Quimicas;A3;Diurno;Sao Bernardo do Campo;Sexta-feira;10:00;12:00;A2-S101-SB;semanal;Teorica;Paula Homem de Mello;Bacharelado em Ciencia e Tecnologia
BC0307;Transformacoes Quimicas;A3;Diurno;Sao Bernardo do Campo;Sexta-feira;08:00;10:00;A1-L305-SB;semanal;Pratica;Angela Albuquerque Teixeira Neto;Bacharelado em Ciencia e Tecnologia
BC0307;Transformacoes Quimicas;A3;Noturno;Sao Bernardo do Campo;Quarta-feira;19:00;21:00;A2-S101-SB;quinzenal II;Teorica;Fernando Carlos Giacomelli;Bacharelado em Ciencia e Tecnologia
BC0307;Transformacoes Quimicas;A3;Noturno;Sao Bernardo do Campo;Sexta-feira;21:00;23:00;A2-S101-SB;semanal;Teorica;Fernando Carlos Giacomelli;Bacharelado em Ciencia e Tecnologia
BC0307;Transformacoes Quimicas;A3;Noturno;Sao Bernardo do Campo;Sexta-feira;19:00;21:00;A1-L305-SB;semanal;Pratica;Heloisa Franca Maltez ;Bacharelado em Ciencia e Tecnologia
BC0307;Transformacoes Quimicas;B1;Diurno;Sao Bernardo do Campo;Quarta-feira;10:00;12:00;A2-S102-SB;quinzenal II;Teorica;Paula Homem de Mello;Bacharelado em Ciencia e Tecnologia
BC0307;Transformacoes Quimicas;B1;Diurno;Sao Bernardo do Campo;Sexta-feira;08:00;10:00;A2-S102-SB;semanal;Teorica;Paula Homem de Mello;Bacharelado em Ciencia e Tecnologia
BC0307;Transformacoes Quimicas;B1;Diurno;Sao Bernardo do Campo;Sexta-feira;10:00;12:00;A1-L301-SB;semanal;Pratica;Leonardo Jose Steil;Bacharelado em Ciencia e Tecnologia
BC0307;Transformacoes Quimicas;B1;Noturno;Sao Bernardo do Campo;Quarta-feira;21:00;23:00;A2-S102-SB;quinzenal II;Teorica;Fernando Carlos Giacomelli;Bacharelado em Ciencia e Tecnologia
BC0307;Transformacoes Quimicas;B1;Noturno;Sao Bernardo do Campo;Sexta-feira;19:00;21:00;A2-S102-SB;semanal;Teorica;Fernando Carlos Giacomelli;Bacharelado em Ciencia e Tecnologia
BC0307;Transformacoes Quimicas;B1;Noturno;Sao Bernardo do Campo;Sexta-feira;21:00;23:00;A1-L301-SB;semanal;Pratica;Luiz Francisco Monteiro Leite Ciscato;Bacharelado em Ciencia e Tecnologia
BC0307;Transformacoes Quimicas;B2;Diurno;Sao Bernardo do Campo;Quarta-feira;10:00;12:00;A2-S102-SB;quinzenal II;Teorica;Paula Homem de Mello;Bacharelado em Ciencia e Tecnologia
BC0307;Transformacoes Quimicas;B2;Diurno;Sao Bernardo do Campo;Sexta-feira;08:00;10:00;A2-S102-SB;semanal;Teorica;Paula Homem de Mello;Bacharelado em Ciencia e Tecnologia
BC0307;Transformacoes Quimicas;B2;Diurno;Sao Bernardo do Campo;Sexta-feira;10:00;12:00;A1-L302-SB;semanal;Pratica;Fernando Carlos Giacomelli;Bacharelado em Ciencia e Tecnologia
BC0307;Transformacoes Quimicas;B3;Diurno;Sao Bernardo do Campo;Quarta-feira;10:00;12:00;A2-S102-SB;quinzenal II;Teorica;Paula Homem de Mello;Bacharelado em Ciencia e Tecnologia
BC0307;Transformacoes Quimicas;B3;Diurno;Sao Bernardo do Campo;Sexta-feira;08:00;10:00;A2-S102-SB;semanal;Teorica;Paula Homem de Mello;Bacharelado em Ciencia e Tecnologia
BC0307;Transformacoes Quimicas;B3;Diurno;Sao Bernardo do Campo;Sexta-feira;10:00;12:00;A1-L305-SB;semanal;Pratica;Mauricio Domingues Coutinho Neto;Bacharelado em Ciencia e Tecnologia
BC0307;Transformacoes Quimicas;B3;Noturno;Sao Bernardo do Campo;Quarta-feira;21:00;23:00;A2-S102-SB;quinzenal II;Teorica;Fernando Carlos Giacomelli;Bacharelado em Ciencia e Tecnologia
BC0307;Transformacoes Quimicas;B3;Noturno;Sao Bernardo do Campo;Sexta-feira;19:00;21:00;A2-S102-SB;semanal;Teorica;Fernando Carlos Giacomelli;Bacharelado em Ciencia e Tecnologia
BC0307;Transformacoes Quimicas;B3;Noturno;Sao Bernardo do Campo;Sexta-feira;21:00;23:00;A1-L305-SB;semanal;Pratica;Heloisa Franca Maltez;Bacharelado em Ciencia e Tecnologia
